Item,Week #,Regular Price,Special Price,"Units Sold
Last Week","Units Sold
This Week",Promo Spend,"Incremental 
Revenue",Promo ROI
ECONO NECTAR PERA 48/7.1oz,2,$0.79,$0.60,215,360,$68,$46,0.7
ECONO NECTAR PERA 48/7.1oz,5,$0.79,$0.60,157,252,$48,$27,0.6
ECONO NECTAR PERA 48/7.1oz,6,$0.79,$0.60,252,312,$59,-$12,-0.2
ECONO NECTAR PERA 48/7.1oz,7,$0.79,$0.60,312,413,$78,$1,0.0
ECONO NECTAR PERA 48/7.1oz,10,$0.79,$0.60,111,329,$63,$110,1.8
ECONO NECTAR PERA 48/7.1oz,11,$0.79,$0.60,329,292,$55,-$85,-1.5
ECONO NECTAR MELOCOTON 48/7.1oz,2,$0.79,$0.60,341,381,$72,-$41,-0.6
ECONO NECTAR MELOCOTON 48/7.1oz,5,$0.79,$0.60,238,239,$45,-$45,-1.0
ECONO NECTAR MELOCOTON 48/7.1oz,6,$0.79,$0.60,239,266,$51,-$29,-0.6
ECONO NECTAR MELOCOTON 48/7.1oz,7,$0.79,$0.60,266,394,$75,$26,0.4
ECONO NECTAR MELOCOTON 48/7.1oz,10,$0.79,$0.60,200,247,$47,-$10,-0.2
ECONO NECTAR MELOCOTON 48/7.1oz,11,$0.79,$0.60,247,283,$54,-$25,-0.5
ECONO NECTAR GUAYABA 48/7.1oz,2,$0.79,$0.60,405,459,$87,-$45,-0.5
ECONO NECTAR GUAYABA 48/7.1oz,5,$0.79,$0.60,280,292,$55,-$46,-0.8
ECONO NECTAR GUAYABA 48/7.1oz,6,$0.79,$0.60,292,363,$69,-$13,-0.2
ECONO NECTAR GUAYABA 48/7.1oz,7,$0.79,$0.60,363,481,$91,$2,0.0
ECONO NECTAR GUAYABA 48/7.1oz,10,$0.79,$0.60,221,392,$74,$61,0.8
ECONO NECTAR GUAYABA 48/7.1oz,11,$0.79,$0.60,392,384,$73,-$79,-1.1
ECONO JUGO DE PINA 48/7.1oz,2,$0.79,$0.60,301,363,$69,-$20,-0.3
ECONO JUGO DE PINA 48/7.1oz,5,$0.79,$0.60,198,259,$49,-$1,0.0
ECONO JUGO DE PINA 48/7.1oz,6,$0.79,$0.60,259,392,$74,$31,0.4
ECONO JUGO DE PINA 48/7.1oz,7,$0.79,$0.60,392,367,$70,-$89,-1.3
ECONO JUGO DE PINA 48/7.1oz,10,$0.79,$0.60,138,272,$52,$54,1.0
ECONO JUGO DE PINA 48/7.1oz,11,$0.79,$0.60,272,364,$69,$4,0.1
ECONO GRANO/ ENL COLORADA A/SAL 24/15.5oz,5,$0.99,$0.68,559,641,$199,-$118,-0.6
ECONO GRANO/ ENL COLORADA A/SAL 24/15.5oz,6,$0.99,$0.68,641,1060,$329,$86,0.3
ECONO GRANO/ ENL COLORADA A/SAL 24/15.5oz,7,$0.99,$0.68,1060,1379,$427,-$112,-0.3
ECONO GRANO/ ENL COLORADA A/SAL 24/15.5oz,14,$0.99,$0.68,516,555,$172,-$133,-0.8
ECONO GRANO/ ENL ROSADA A/SAL 24/15.5oz,5,$0.99,$0.68,2163,2133,$661,-$691,-1.0
ECONO GRANO/ ENL ROSADA A/SAL 24/15.5oz,6,$0.99,$0.68,2133,3708,"$1,149",$410,0.4
ECONO GRANO/ ENL ROSADA A/SAL 24/15.5oz,7,$0.99,$0.68,3708,4629,"$1,435",-$523,-0.4
ECONO GRANO/ ENL ROSADA A/SAL 24/15.5oz,14,$0.99,$0.68,1872,1923,$596,-$546,-0.9
ECONO GRANO/ ENL PINTAS A/SAL 24/15.5oz,5,$0.99,$0.68,1260,1144,$355,-$469,-1.3
ECONO GRANO/ ENL PINTAS A/SAL 24/15.5oz,6,$0.99,$0.68,1144,1740,$539,$51,0.1
ECONO GRANO/ ENL PINTAS A/SAL 24/15.5oz,7,$0.99,$0.68,1740,2612,$810,$54,0.1
ECONO GRANO/ ENL PINTAS A/SAL 24/15.5oz,14,$0.99,$0.68,1087,946,$293,-$433,-1.5
ECONO GRANO/ ENL BLANCA A/SAL 24/15.5oz,5,$0.99,$0.68,190,204,$63,-$49,-0.8
ECONO GRANO/ ENL BLANCA A/SAL 24/15.5oz,6,$0.99,$0.68,204,353,$109,$38,0.3
ECONO GRANO/ ENL BLANCA A/SAL 24/15.5oz,7,$0.99,$0.68,353,513,$159,-$1,0.0
ECONO GRANO/ ENL BLANCA A/SAL 24/15.5oz,14,$0.99,$0.68,245,184,$57,-$117,-2.1
ECONO GRANO/ ENL GARBANZOS A/SAL 24/15.5oz,5,$0.99,$0.68,244,331,$103,-$16,-0.2
ECONO GRANO/ ENL GARBANZOS A/SAL 24/15.5oz,6,$0.99,$0.68,331,467,$145,-$10,-0.1
ECONO GRANO/ ENL GARBANZOS A/SAL 24/15.5oz,7,$0.99,$0.68,467,584,$181,-$65,-0.4
ECONO GRANO/ ENL GARBANZOS A/SAL 24/15.5oz,14,$0.99,$0.68,282,290,$90,-$82,-0.9
ECONO GANDULES 24/15oz,3,$1.72,$1.00,1334,2391,"$1,729",$92,0.1
ECONO GANDULES 24/15oz,4,$1.72,$1.00,2391,1636,"$1,183","-$2,484",-2.1
ECONO GANDULES 24/15oz,5,$1.72,$1.00,1636,1075,$778,"-$1,744",-2.2
ECONO GANDULES 24/15oz,10,$1.72,$1.00,896,2158,"$1,561",$614,0.4
ECONO GANDULES 24/15oz,11,$1.72,$1.00,2158,2554,"$1,847","-$1,165",-0.6
ECONO CORNED BEEF 24/12oz,5,$3.99,$2.95,1686,1438,"$1,496","-$2,485",-1.7
ECONO CORNED BEEF 24/12oz,6,$3.99,$2.95,1438,2626,"$2,731","$2,009",0.7
ECONO CORNED BEEF 24/12oz,7,$3.99,$2.95,2626,3161,"$3,287","-$1,153",-0.4
ECONO CORNED BEEF 24/12oz,10,$3.99,$2.95,1287,2188,"$2,276","$1,319",0.6
ECONO CORNED BEEF 24/12oz,11,$3.99,$2.95,2188,2710,"$2,818",-$736,-0.3
ECONO CORNED BEEF 24/12oz,14,$3.99,$2.50,1869,2113,"$3,148","-$2,175",-0.7
ECONO CONS CALAMAR JUMBO EN ACEITE 50/4oz,3,$1.99,$1.25,174,654,$484,$471,1.0
ECONO CONS CALAMAR JUMBO EN ACEITE 50/4oz,4,$1.99,$1.25,654,480,$355,-$701,-2.0
ECONO CONS CALAMAR JUMBO EN ACEITE 50/4oz,6,$1.99,$1.25,124,331,$245,$167,0.7
ECONO CONS CALAMAR JUMBO EN ACEITE 50/4oz,7,$1.99,$1.25,331,639,$473,$140,0.3
ECONO CONS CALAMAR JUMBO EN ACEITE 50/4oz,12,$1.99,$1.25,77,339,$251,$271,1.1
ECONO CONS CALAMAR JUMBO EN ACEITE 50/4oz,13,$1.99,$1.25,339,279,$206,-$326,-1.6
ECONO CONS CALAMAR JUMBO AJILLO 50/4oz,3,$1.99,$1.25,209,543,$402,$263,0.7
ECONO CONS CALAMAR JUMBO AJILLO 50/4oz,4,$1.99,$1.25,543,408,$302,-$571,-1.9
ECONO CONS CALAMAR JUMBO AJILLO 50/4oz,6,$1.99,$1.25,96,567,$420,$518,1.2
ECONO CONS CALAMAR JUMBO AJILLO 50/4oz,7,$1.99,$1.25,567,878,$650,-$31,0.0
ECONO CONS CALAMAR JUMBO AJILLO 50/4oz,12,$1.99,$1.25,122,339,$251,$181,0.7
ECONO CONS CALAMAR JUMBO AJILLO 50/4oz,13,$1.99,$1.25,339,281,$208,-$323,-1.6
ECONO CONS CALAMARES EN TINTA 50/4oz,3,$1.99,$1.25,98,307,$227,$189,0.8
ECONO CONS CALAMARES EN TINTA 50/4oz,4,$1.99,$1.25,307,216,$160,-$341,-2.1
ECONO CONS CALAMARES EN TINTA 50/4oz,6,$1.99,$1.25,52,283,$209,$250,1.2
ECONO CONS CALAMARES EN TINTA 50/4oz,7,$1.99,$1.25,283,446,$330,-$6,0.0
ECONO CONS CALAMARES EN TINTA 50/4oz,12,$1.99,$1.25,65,174,$129,$88,0.7
ECONO CONS CALAMARES EN TINTA 50/4oz,13,$1.99,$1.25,174,155,$115,-$153,-1.3
ECONO LECHE EVAPORADA 24/12oz,3,$1.49,$1.18,3266,5674,"$1,759","$1,829",1.0
ECONO LECHE EVAPORADA 24/12oz,4,$1.49,$1.18,5674,4811,"$1,491","-$2,777",-1.9
ECONO LECHE EVAPORADA 24/12oz,6,$1.49,$1.10,2779,9951,"$3,881","$6,805",1.8
ECONO LECHE EVAPORADA 24/12oz,7,$1.49,$1.10,9951,10245,"$3,996","-$3,557",-0.9
ECONO LECHE EVAPORADA 24/12oz,10,$1.49,$1.00,6381,6997,"$3,429","-$2,511",-0.7
ECONO LECHE EVAPORADA 24/12oz,11,$1.49,$1.00,6997,8736,"$4,281","-$1,690",-0.4
ECONO LECHE EVAPORADA 24/12oz,14,$1.49,$1.00,5175,3338,"$1,636","-$4,373",-2.7
ECONO ADOBO S/PIMIENTA 10.5,3,$1.39,$1.25,65,64,$9,-$10,-1.2
ECONO ADOBO S/PIMIENTA 10.5,4,$1.39,$1.25,64,57,$8,-$18,-2.2
ECONO SALSA SPAG PIZZA 12/14oz,2,$1.89,$1.50,113,140,$55,-$4,-0.1
ECONO SALSA SPAG PIZZA 12/14oz,5,$1.89,$1.50,101,104,$41,-$35,-0.9
ECONO SALSA SPAG PIZZA 12/14oz,14,$1.89,$1.50,107,100,$39,-$52,-1.3
ECONO SALSA SPAG MARINARA 12/14oz,2,$1.89,$1.50,57,86,$34,$21,0.6
ECONO SALSA SPAG MARINARA 12/14oz,5,$1.89,$1.50,84,89,$35,-$25,-0.7
ECONO SALSA SPAG MARINARA 12/14oz,14,$1.89,$1.50,75,92,$36,-$4,-0.1
ECONO SALSA SPAG MEAT 12/14oz,2,$1.89,$1.50,96,122,$48,$2,0.0
ECONO SALSA SPAG MEAT 12/14oz,5,$1.89,$1.50,97,137,$53,$22,0.4
ECONO SALSA SPAG MEAT 12/14oz,14,$1.89,$1.50,104,104,$41,-$41,-1.0
ECONO SALSA SPAG MUSHROOM 12/14oz,2,$1.89,$1.50,13,20,$8,$5,0.7
ECONO SALSA SPAG MUSHROOM 12/14oz,5,$1.89,$1.50,29,19,$7,-$26,-3.6
ECONO SALSA SPAG MUSHROOM 12/14oz,14,$1.89,$1.50,17,16,$6,-$8,-1.3
ECONO SALSA SPAG PLAIN 12/14oz,2,$1.89,$1.50,170,247,$96,$49,0.5
ECONO SALSA SPAG PLAIN 12/14oz,5,$1.89,$1.50,216,214,$83,-$87,-1.0
ECONO SALSA SPAG PLAIN 12/14oz,14,$1.89,$1.50,166,180,$70,-$44,-0.6
ECONO SALCHICHA DE POLLO 48/5oz,3,$0.89,$0.58,725,1422,$441,$180,0.4
ECONO SALCHICHA DE POLLO 48/5oz,4,$0.89,$0.58,1422,1214,$376,-$561,-1.5
ECONO SALCHICHA DE POLLO 48/5oz,5,$0.89,$0.58,1214,821,$255,-$604,-2.4
ECONO SALCHICHA DE POLLO 48/5oz,8,$0.89,$0.58,616,1705,$529,$441,0.8
ECONO SALCHICHA DE POLLO 48/5oz,9,$0.89,$0.58,1705,1262,$391,-$785,-2.0
ECONO SALCHICHA DE POLLO 48/5oz,12,$0.89,$0.58,1021,3530,"$1,094","$1,139",1.0
ECONO SALCHICHA DE POLLO 48/5oz,13,$0.89,$0.58,3530,2529,$784,"-$1,675",-2.1
ECONO SALCHICHA DE POLLO 48/5oz,14,$0.89,$0.50,2529,357,$139,"-$2,072",-14.9
ECONO AZUCAR NEGRA 24/16oz,6,$1.44,$1.18,319,804,$209,$489,2.3
ECONO AZUCAR NEGRA 24/16oz,7,$1.44,$1.18,804,949,$247,-$38,-0.2
ECONO AZUCAR NEGRA 24/16oz,10,$1.44,$1.18,291,817,$212,$545,2.6
ECONO AZUCAR NEGRA 24/16oz,11,$1.44,$1.18,817,739,$192,-$304,-1.6
ECONO AZUCAR MORENA 24/2lb,2,$2.69,$2.00,568,586,$404,-$356,-0.9
ECONO ADOBO SAZON C/PIMIENTA,3,$1.39,$1.25,43,60,$8,$15,1.8
ECONO ADOBO SAZON C/PIMIENTA,4,$1.39,$1.25,60,46,$6,-$26,-4.0
ECONO ADOBO SAZON S/PIMIENTA,3,$1.39,$1.25,26,52,$7,$29,4.0
ECONO ADOBO SAZON S/PIMIENTA,4,$1.39,$1.25,52,24,$3,-$42,-12.6
ECONO CONS SARDINAS EN ACEITE 50/4oz,3,$1.99,$1.25,82,131,$97,$1,0.0
ECONO CONS SARDINAS EN ACEITE 50/4oz,4,$1.99,$1.25,131,139,$103,-$87,-0.8
ECONO CONS SARDINAS EN ACEITE 50/4oz,6,$1.99,$1.25,68,164,$121,$70,0.6
ECONO CONS SARDINAS EN ACEITE 50/4oz,7,$1.99,$1.25,164,172,$127,-$111,-0.9
ECONO CONS SARDINAS EN ACEITE 50/4oz,12,$1.99,$1.25,90,132,$98,-$14,-0.1
ECONO CONS SARDINAS EN ACEITE 50/4oz,13,$1.99,$1.25,132,118,$87,-$115,-1.3
ECONO ARROZ GRANO MEDIANO 10/3lb,5,$2.29,$1.50,13678,9995,"$7,896","-$16,330",-2.1
ECONO ARROZ GRANO MEDIANO 10/3lb,14,$2.29,$1.50,12500,7685,"$6,071","-$17,098",-2.8
ECONO SALSA DE TOMATE 48/8oz,3,$0.49,$0.34,4081,7202,"$1,080",$449,0.4
ECONO SALSA DE TOMATE 48/8oz,4,$0.49,$0.34,7202,5341,$801,"-$1,713",-2.1
ECONO SALSA DE TOMATE 48/8oz,6,$0.49,$0.34,1634,2120,$318,-$80,-0.3
ECONO SALSA DE TOMATE 48/8oz,7,$0.49,$0.34,2120,3042,$456,-$5,0.0
ECONO SALSA DE TOMATE 48/8oz,12,$0.49,$0.34,3800,7089,"$1,063",$548,0.5
ECONO SALSA DE TOMATE 48/8oz,13,$0.49,$0.34,7089,4749,$712,"-$1,859",-2.6
ECONO ARROZ GRANO LARGO 10/3lb,3,$2.66,$2.00,79,157,$103,$104,1.0
ECONO ARROZ GRANO LARGO 10/3lb,4,$2.66,$2.00,157,135,$89,-$147,-1.7
ECONO ARROZ GRANO LARGO 10/3lb,5,$2.66,$2.00,135,138,$91,-$83,-0.9
ECONO ARROZ GRANO LARGO 10/3lb,14,$2.66,$2.28,52,44,$17,-$38,-2.3
ECONO AGUA PURIFICADA 4/120oz,2,$1.99,$1.25,628,527,$390,-$591,-1.5
ECONO AGUA PURIFICADA 4/120oz,6,$1.99,$1.25,389,672,$497,$66,0.1
ECONO AGUA PURIFICADA 4/120oz,7,$1.99,$1.25,672,886,$656,-$230,-0.4
ECONO AGUA PURIFICADA 4/120oz,10,$1.99,$1.25,469,933,$690,$233,0.3
ECONO AGUA PURIFICADA 4/120oz,11,$1.99,$1.25,933,732,$542,-$942,-1.7
ECONO VEG FRENCH STYLE GREEN BEANS 24/8oz,5,$0.99,$0.78,526,571,$120,-$75,-0.6
ECONO VEG FRENCH STYLE GREEN BEANS 24/8oz,6,$0.99,$0.78,571,812,$171,$68,0.4
ECONO VEG FRENCH STYLE GREEN BEANS 24/8oz,7,$0.99,$0.78,812,993,$209,-$29,-0.1
ECONO VEG FRENCH STYLE GREEN BEANS 24/8oz,10,$0.99,$0.78,622,708,$149,-$64,-0.4
ECONO VEG FRENCH STYLE GREEN BEANS 24/8oz,11,$0.99,$0.78,708,612,$129,-$224,-1.7
ECONO VEG SLICED BEETS 24/8.25oz,5,$0.99,$0.78,351,325,$68,-$94,-1.4
ECONO VEG SLICED BEETS 24/8.25oz,6,$0.99,$0.78,325,544,$114,$103,0.9
ECONO VEG SLICED BEETS 24/8.25oz,7,$0.99,$0.78,544,578,$121,-$88,-0.7
ECONO VEG SLICED BEETS 24/8.25oz,10,$0.99,$0.78,420,404,$85,-$101,-1.2
ECONO VEG SLICED BEETS 24/8.25oz,11,$0.99,$0.78,404,395,$83,-$92,-1.1
ECONO GALLETA EXPORT SODA PLASTICA 12/24.3oz,6,$5.49,$4.98,471,1016,$518,"$2,474",4.8
ECONO GALLETA EXPORT SODA PLASTICA 12/24.3oz,7,$5.49,$4.98,1016,1129,$576,$45,0.1
ECONO GALLETA EXPORT SODA PLASTICA 12/24.3oz,12,$5.49,$4.98,736,1177,$600,"$1,821",3.0
ECONO GALLETA EXPORT SODA PLASTICA 12/24.3oz,13,$5.49,$4.98,1177,908,$463,"-$1,940",-4.2
ECONO PASTA SECA SPAGUETTI  20/16oz,5,$1.99,$1.25,190,217,$161,-$107,-0.7
ECONO PASTA SECA SPAGUETTI  20/16oz,8,$1.99,$1.25,316,325,$241,-$223,-0.9
ECONO PASTA SECA SPAGUETTI  20/16oz,9,$1.99,$1.25,325,327,$242,-$238,-1.0
ECONO PASTA SECA CODITOS 20/16oz,5,$1.99,$1.25,102,132,$98,-$38,-0.4
ECONO PASTA SECA CODITOS 20/16oz,8,$1.99,$1.25,147,195,$144,-$49,-0.3
ECONO PASTA SECA CODITOS 20/16oz,9,$1.99,$1.25,195,155,$115,-$194,-1.7
ECONO PASTA SECA MACARRONI 20/16oz,5,$1.99,$1.25,50,81,$60,$2,0.0
ECONO PASTA SECA MACARRONI 20/16oz,8,$1.99,$1.25,94,108,$80,-$52,-0.7
ECONO PASTA SECA MACARRONI 20/16oz,9,$1.99,$1.25,108,79,$58,-$116,-2.0
ECONO PASTA SECA LASAGNA 20/16oz,2,$2.49,$2.00,253,299,$147,-$32,-0.2
ECONO PASTA SECA LASAGNA 20/16oz,3,$2.49,$2.00,299,341,$167,-$63,-0.4
ECONO PASTA SECA LASAGNA 20/16oz,4,$2.49,$2.00,341,275,$135,-$299,-2.2
ECONO PASTA SECA LASAGNA 20/16oz,5,$2.49,$2.00,275,249,$122,-$187,-1.5
ECONO PASTA SECA LASAGNA 20/16oz,8,$2.49,$2.00,251,313,$153,$1,0.0
ECONO PASTA SECA LASAGNA 20/16oz,9,$2.49,$2.00,313,280,$137,-$219,-1.6
ECONO PASTA SECA LASAGNA 20/16oz,12,$2.49,$2.00,218,381,$187,$219,1.2
ECONO PASTA SECA LASAGNA 20/16oz,13,$2.49,$2.00,381,342,$168,-$265,-1.6
ECONO VEG WHOLE KERNEL CORN 24/8.75oz,5,$0.99,$0.78,1843,1887,$396,-$353,-0.9
ECONO VEG WHOLE KERNEL CORN 24/8.75oz,6,$0.99,$0.78,1887,2803,$589,$318,0.5
ECONO VEG WHOLE KERNEL CORN 24/8.75oz,7,$0.99,$0.78,2803,3628,$762,$55,0.1
ECONO VEG WHOLE KERNEL CORN 24/8.75oz,10,$0.99,$0.78,1918,2389,$502,-$35,-0.1
ECONO VEG WHOLE KERNEL CORN 24/8.75oz,11,$0.99,$0.78,2389,2562,$538,-$367,-0.7
ECONO VEG CUT GREEN BEANS 24/8oz,5,$0.99,$0.78,282,276,$58,-$64,-1.1
ECONO VEG CUT GREEN BEANS 24/8oz,6,$0.99,$0.78,276,388,$81,$29,0.4
ECONO VEG CUT GREEN BEANS 24/8oz,7,$0.99,$0.78,388,535,$112,$33,0.3
ECONO VEG CUT GREEN BEANS 24/8oz,10,$0.99,$0.78,292,397,$83,$21,0.2
ECONO VEG CUT GREEN BEANS 24/8oz,11,$0.99,$0.78,397,417,$88,-$68,-0.8
ECONO VEG SWEET PEAS 24/8.5oz,5,$0.99,$0.78,77,73,$15,-$19,-1.3
ECONO VEG SWEET PEAS 24/8.5oz,6,$0.99,$0.78,73,116,$24,$18,0.7
ECONO VEG SWEET PEAS 24/8.5oz,7,$0.99,$0.78,116,129,$27,-$14,-0.5
ECONO VEG SWEET PEAS 24/8.5oz,10,$0.99,$0.78,76,74,$16,-$18,-1.1
ECONO VEG SWEET PEAS 24/8.5oz,11,$0.99,$0.78,74,74,$16,-$16,-1.0
ECONO VEG PEAS & CARROTS 24/8.5oz,5,$0.99,$0.78,178,149,$31,-$60,-1.9
ECONO VEG PEAS & CARROTS 24/8.5oz,6,$0.99,$0.78,149,260,$55,$55,1.0
ECONO VEG PEAS & CARROTS 24/8.5oz,7,$0.99,$0.78,260,285,$60,-$35,-0.6
ECONO VEG PEAS & CARROTS 24/8.5oz,10,$0.99,$0.78,177,228,$48,$3,0.1
ECONO VEG PEAS & CARROTS 24/8.5oz,11,$0.99,$0.78,228,175,$37,-$89,-2.4
ECONO VEG SLICED CARROTS 24/8.25oz,5,$0.99,$0.78,90,81,$17,-$26,-1.5
ECONO VEG SLICED CARROTS 24/8.25oz,6,$0.99,$0.78,81,143,$30,$31,1.0
ECONO VEG SLICED CARROTS 24/8.25oz,7,$0.99,$0.78,143,169,$35,-$10,-0.3
ECONO VEG SLICED CARROTS 24/8.25oz,10,$0.99,$0.78,91,121,$25,$4,0.2
ECONO VEG SLICED CARROTS 24/8.25oz,11,$0.99,$0.78,121,130,$27,-$18,-0.7
ECONO ENDULZADOR ASPARTAME 20/50ct,3,$1.79,$1.50,37,47,$14,$4,0.3
ECONO ENDULZADOR ASPARTAME 20/50ct,4,$1.79,$1.50,47,30,$9,-$39,-4.5
ECONO ENDULZADOR ASPARTAME 20/50ct,6,$1.79,$1.50,24,45,$13,$25,1.9
ECONO ENDULZADOR ASPARTAME 20/50ct,7,$1.79,$1.50,45,37,$11,-$25,-2.3
ECONO ENDULZADOR ASPARTAME 20/50ct,14,$1.79,$1.50,30,29,$8,-$10,-1.2
ECONO CREMA DE COCO 24/15oz,3,$1.89,$1.67,311,454,$100,$170,1.7
ECONO CREMA DE COCO 24/15oz,4,$1.89,$1.67,454,318,$70,-$327,-4.7
ECONO CREMA DE COCO 24/15oz,6,$1.89,$1.67,320,463,$102,$168,1.7
ECONO CREMA DE COCO 24/15oz,7,$1.89,$1.67,463,618,$136,$157,1.2
ECONO CREMA DE COCO 24/15oz,10,$1.89,$1.67,330,436,$96,$104,1.1
ECONO CREMA DE COCO 24/15oz,11,$1.89,$1.67,436,463,$102,-$51,-0.5
ECONO CREMA DE COCO 24/15oz,14,$1.89,$1.67,324,452,$99,$142,1.4
ECONO LECHE DE COCO 24/12oz,3,$1.49,$1.25,386,442,$106,-$23,-0.2
ECONO LECHE DE COCO 24/12oz,4,$1.49,$1.25,442,399,$96,-$160,-1.7
ECONO LECHE DE COCO 24/12oz,6,$1.49,$1.25,294,691,$166,$426,2.6
ECONO LECHE DE COCO 24/12oz,7,$1.49,$1.25,691,651,$156,-$216,-1.4
ECONO LECHE DE COCO 24/12oz,10,$1.49,$1.25,388,457,$110,-$7,-0.1
ECONO LECHE DE COCO 24/12oz,11,$1.49,$1.25,457,523,$126,-$27,-0.2
ECONO LECHE DE COCO 24/12oz,14,$1.49,$1.25,313,408,$98,$44,0.4
ECONO SALSA DE TOMATE S/SAL 48/8oz,3,$0.49,$0.34,237,490,$73,$50,0.7
ECONO SALSA DE TOMATE S/SAL 48/8oz,4,$0.49,$0.34,490,389,$58,-$108,-1.8
ECONO SALSA DE TOMATE S/SAL 48/8oz,6,$0.49,$0.34,150,321,$48,$36,0.7
ECONO SALSA DE TOMATE S/SAL 48/8oz,7,$0.49,$0.34,321,354,$53,-$37,-0.7
ECONO SALSA DE TOMATE S/SAL 48/8oz,12,$0.49,$0.34,371,387,$58,-$50,-0.9
ECONO SALSA DE TOMATE S/SAL 48/8oz,13,$0.49,$0.34,387,384,$58,-$59,-1.0
ECONO ENL POTTED MEAT 48/3oz,2,$1.39,$0.78,205,336,$205,-$23,-0.1
ECONO ENL POTTED MEAT 48/3oz,6,$1.39,$0.78,100,233,$142,$43,0.3
ECONO ENL POTTED MEAT 48/3oz,7,$1.39,$0.78,233,314,$192,-$79,-0.4
ECONO ENL POTTED MEAT 48/3oz,10,$1.39,$0.78,96,200,$122,$23,0.2
ECONO ENL POTTED MEAT 48/3oz,11,$1.39,$0.78,200,259,$158,-$76,-0.5
ECONO GRANO/ ENL NEGRAS A/SAL 24/15.5oz,5,$0.99,$0.68,77,144,$45,$22,0.5
ECONO GRANO/ ENL NEGRAS A/SAL 24/15.5oz,6,$0.99,$0.68,144,164,$51,-$31,-0.6
ECONO GRANO/ ENL NEGRAS A/SAL 24/15.5oz,7,$0.99,$0.68,164,205,$64,-$23,-0.4
ECONO GRANO/ ENL NEGRAS A/SAL 24/15.5oz,14,$0.99,$0.68,82,95,$29,-$17,-0.6
ECONO ENDULZADOR ASPARTAME 24/100ct,5,$2.99,$2.50,35,48,$24,$15,0.7
ECONO ENDULZADOR ASPARTAME 24/100ct,10,$2.99,$2.50,28,37,$18,$9,0.5
ECONO ENDULZADOR ASPARTAME 24/100ct,11,$2.99,$2.50,37,45,$22,$2,0.1
ECONO AGUA 1/24/16.9oz,3,$3.99,$3.00,1259,3615,"$3,579","$5,822",1.6
ECONO AGUA 1/24/16.9oz,4,$3.99,$3.00,3615,2770,"$2,742","-$6,114",-2.2
ECONO AGUA 1/24/16.9oz,5,$3.99,$3.00,2770,2548,"$2,523","-$3,408",-1.4
ECONO AGUA 1/24/16.9oz,8,$3.99,$3.00,1295,3158,"$3,126","$4,307",1.4
ECONO AGUA 1/24/16.9oz,9,$3.99,$3.00,3158,2852,"$2,823","-$4,044",-1.4
ECONO KETCHUP 16/24oz,6,$2.19,$1.67,521,1312,$682,"$1,050",1.5
ECONO KETCHUP 16/24oz,7,$2.19,$1.67,1312,1729,$899,$14,0.0
ECONO KETCHUP 16/24oz,10,$2.19,$1.67,632,1005,$523,$294,0.6
ECONO KETCHUP 16/24oz,11,$2.19,$1.67,1005,1277,$664,-$68,-0.1
ECONO KETCHUP 16/24oz,14,$2.19,$1.67,1245,679,$353,"-$1,593",-4.5
ECONO ACEITUNAS ALCAPARRADO 12/7oz,10,$1.89,$1.50,155,287,$112,$138,1.2
ECONO ACEITUNAS ALCAPARRADO 12/7oz,11,$1.89,$1.50,287,357,$139,-$7,0.0
ECONO ACEITUNAS MANZANILLA 12/7oz,10,$1.89,$1.50,194,376,$147,$197,1.3
ECONO ACEITUNAS MANZANILLA 12/7oz,11,$1.89,$1.50,376,392,$153,-$123,-0.8
ECONO ACEITUNAS CONDIMENTOS 12/7oz,10,$1.89,$1.50,89,133,$52,$31,0.6
ECONO ACEITUNAS CONDIMENTOS 12/7oz,11,$1.89,$1.50,133,156,$61,-$17,-0.3
ECONO AVENA INSTANTANEA C/CANELA 24/14.1oz,2,$2.99,$2.00,125,152,$150,-$70,-0.5
ECONO AVENA INSTANTANEA C/CANELA 24/14.1oz,3,$2.99,$2.00,152,278,$275,$102,0.4
ECONO AVENA INSTANTANEA C/CANELA 24/14.1oz,4,$2.99,$2.00,278,232,$230,-$367,-1.6
ECONO AVENA INSTANTANEA C/CANELA 24/14.1oz,5,$2.99,$2.00,232,187,$185,-$320,-1.7
ECONO AVENA INSTANTANEA C/CANELA 24/14.1oz,8,$2.99,$2.00,143,223,$221,$18,0.1
ECONO AVENA INSTANTANEA C/CANELA 24/14.1oz,9,$2.99,$2.00,223,177,$175,-$313,-1.8
ECONO AVENA INSTANTANEA C/CANELA 24/14.1oz,12,$2.99,$2.00,152,229,$227,$4,0.0
ECONO AVENA INSTANTANEA C/CANELA 24/14.1oz,13,$2.99,$2.00,229,222,$220,-$241,-1.1
ECONO AVENA INSTANTANEA REGULAR 24/14.1oz,2,$2.99,$2.00,58,132,$131,$91,0.7
ECONO AVENA INSTANTANEA REGULAR 24/14.1oz,3,$2.99,$2.00,132,170,$168,-$55,-0.3
ECONO AVENA INSTANTANEA REGULAR 24/14.1oz,4,$2.99,$2.00,170,125,$124,-$258,-2.1
ECONO AVENA INSTANTANEA REGULAR 24/14.1oz,5,$2.99,$2.00,125,98,$97,-$178,-1.8
ECONO AVENA INSTANTANEA REGULAR 24/14.1oz,8,$2.99,$2.00,64,141,$140,$91,0.6
ECONO AVENA INSTANTANEA REGULAR 24/14.1oz,9,$2.99,$2.00,141,109,$108,-$204,-1.9
ECONO AVENA INSTANTANEA REGULAR 24/14.1oz,12,$2.99,$2.00,83,178,$176,$108,0.6
ECONO AVENA INSTANTANEA REGULAR 24/14.1oz,13,$2.99,$2.00,178,139,$138,-$254,-1.8
ECONO CHEESE TOPPING 12/15oz,2,$3.99,$2.50,90,95,$142,-$122,-0.9
ECONO CHEESE TOPPING 12/15oz,12,$3.99,$2.50,67,161,$240,$135,0.6
ECONO CHEESE TOPPING 12/15oz,13,$3.99,$2.50,161,85,$127,-$430,-3.4
ECONO CHEESE TOPPING 12/15oz,14,$3.99,$2.50,85,58,$86,-$194,-2.2
ECONO FRUTAS COCKTAIL H/SYRUP 12/30oz,3,$3.92,$3.00,103,210,$194,$226,1.2
ECONO FRUTAS COCKTAIL H/SYRUP 12/30oz,4,$3.92,$3.00,210,104,$96,-$512,-5.3
ECONO FRUTAS COCKTAIL H/SYRUP 12/30oz,10,$3.92,$3.00,79,173,$160,$209,1.3
ECONO FRUTAS COCKTAIL H/SYRUP 12/30oz,11,$3.92,$3.00,173,152,$140,-$223,-1.6
ECONO FRUTAS COCKTAIL H/SYRUP 12/30oz,14,$3.92,$3.00,84,127,$117,$51,0.4
ECONO FRUTAS PEARS HALVES H/SYRUP 12/29oz,3,$3.92,$3.00,35,53,$49,$22,0.4
ECONO FRUTAS PEARS HALVES H/SYRUP 12/29oz,4,$3.92,$3.00,53,51,$47,-$55,-1.2
ECONO FRUTAS PEARS HALVES H/SYRUP 12/29oz,10,$3.92,$3.00,12,39,$36,$70,1.9
ECONO FRUTAS PEARS HALVES H/SYRUP 12/29oz,11,$3.92,$3.00,39,23,$21,-$84,-4.0
ECONO FRUTAS PEARS HALVES H/SYRUP 12/29oz,14,$3.92,$3.00,19,27,$25,$6,0.3
ECONO FRUTAS PEACHES HALVES H/SYRUP 12/29oz,3,$3.92,$3.00,47,139,$128,$233,1.8
ECONO FRUTAS PEACHES HALVES H/SYRUP 12/29oz,4,$3.92,$3.00,139,78,$72,-$311,-4.3
ECONO FRUTAS PEACHES HALVES H/SYRUP 12/29oz,10,$3.92,$3.00,30,93,$86,$161,1.9
ECONO FRUTAS PEACHES HALVES H/SYRUP 12/29oz,11,$3.92,$3.00,93,57,$53,-$194,-3.7
ECONO FRUTAS PEACHES HALVES H/SYRUP 12/29oz,14,$3.92,$3.00,38,54,$50,$13,0.3
ECONO CEREAL CREMA DE MAIZ 24/14oz,2,$2.69,$2.00,46,64,$44,$4,0.1
ECONO CEREAL CREMA DE MAIZ 24/14oz,14,$2.69,$2.00,34,30,$21,-$31,-1.5
ECONO CEREAL HARINA DE MAIZ 24/14oz,2,$2.49,$1.50,50,108,$107,$37,0.4
ECONO CEREAL HARINA DE MAIZ 24/14oz,14,$2.49,$1.50,56,42,$42,-$76,-1.8
ECONO CLORO LIMON 6/128oz,3,$2.94,$1.95,73,169,$167,$115,0.7
ECONO CLORO LIMON 6/128oz,4,$2.94,$1.95,169,141,$140,-$222,-1.6
ECONO CLORO LIMON 6/128oz,8,$2.94,$2.00,71,133,$125,$57,0.5
ECONO CLORO LIMON 6/128oz,9,$2.94,$2.00,133,142,$133,-$107,-0.8
ECONO CLORO LIMON 6/128oz,12,$2.94,$2.00,113,250,$235,$168,0.7
ECONO CLORO LIMON 6/128oz,13,$2.94,$2.00,250,92,$86,-$551,-6.4
ECONO CLORO LIMON 6/128oz,14,$2.94,$1.95,92,178,$176,$77,0.4
ECONO DET EN POLVO ULTRA 30/17.6oz,10,$1.89,$1.18,109,114,$81,-$71,-0.9
ECONO DET EN POLVO ULTRA 30/17.6oz,11,$1.89,$1.18,114,181,$129,-$2,0.0
ECONO DET EN POLVO FLORAL 30/17.6oz,10,$1.89,$1.18,127,268,$190,$76,0.4
ECONO DET EN POLVO FLORAL 30/17.6oz,11,$1.89,$1.18,268,255,$181,-$206,-1.1
ECONO SALSA SPAG CHUNCKY 3 CHEESE 12/14oz,2,$1.89,$1.50,54,63,$25,-$8,-0.3
ECONO SALSA SPAG CHUNCKY 3 CHEESE 12/14oz,5,$1.89,$1.50,44,52,$20,-$5,-0.3
ECONO SALSA SPAG CHUNCKY 3 CHEESE 12/14oz,14,$1.89,$1.50,62,40,$16,-$57,-3.7
ECONO SALSA SPAG CHUNCKY GARLIC CHEESE 12/14oz,2,$1.89,$1.50,30,37,$14,-$1,-0.1
ECONO SALSA SPAG CHUNCKY GARLIC CHEESE 12/14oz,5,$1.89,$1.50,22,57,$22,$44,2.0
ECONO SALSA SPAG CHUNCKY GARLIC CHEESE 12/14oz,14,$1.89,$1.50,31,24,$9,-$23,-2.4
ECONO SALSA SPAG CHUNCKY GARDEN 12/14oz,2,$1.89,$1.50,13,30,$12,$20,1.7
ECONO SALSA SPAG CHUNCKY GARDEN 12/14oz,5,$1.89,$1.50,16,23,$9,$4,0.5
ECONO SALSA SPAG CHUNCKY GARDEN 12/14oz,14,$1.89,$1.50,32,22,$9,-$27,-3.2
ECONO GALLETAS DE SODA LIGHT 12/8pk,11,$2.59,$2.00,14,17,$10,-$2,-0.2
ECONO ATUN EN AGUA 48/5oz,2,$1.29,$1.00,5102,7817,"$2,267","$1,235",0.5
ECONO ATUN EN AGUA 48/5oz,6,$1.29,$1.00,3873,7972,"$2,312","$2,976",1.3
ECONO ATUN EN AGUA 48/5oz,7,$1.29,$1.00,7972,14039,"$4,071","$3,755",0.9
ECONO ATUN EN AGUA 48/5oz,10,$1.29,$1.00,3337,4609,"$1,337",$304,0.2
ECONO ATUN EN AGUA 48/5oz,11,$1.29,$1.00,4609,5642,"$1,636",-$304,-0.2
ECONO ATUN EN ACEITE 48/5oz,2,$1.29,$1.00,1366,2046,$593,$284,0.5
ECONO ATUN EN ACEITE 48/5oz,6,$1.29,$1.00,716,1766,$512,$842,1.6
ECONO ATUN EN ACEITE 48/5oz,7,$1.29,$1.00,1766,2644,$767,$366,0.5
ECONO ATUN EN ACEITE 48/5oz,10,$1.29,$1.00,660,1465,$425,$614,1.4
ECONO ATUN EN ACEITE 48/5oz,11,$1.29,$1.00,1465,1591,$461,-$299,-0.6
ECONO ENL LUNCHEON MEAT 24/12oz,3,$2.39,$2.00,3489,5645,"$2,202","$2,951",1.3
ECONO ENL LUNCHEON MEAT 24/12oz,4,$2.39,$2.00,5645,3968,"$1,548","-$5,556",-3.6
ECONO ENL LUNCHEON MEAT 24/12oz,6,$2.39,$2.00,1973,4566,"$1,781","$4,417",2.5
ECONO ENL LUNCHEON MEAT 24/12oz,7,$2.39,$2.00,4566,5867,"$2,288",$821,0.4
ECONO ENL LUNCHEON MEAT 24/12oz,10,$2.39,$2.00,2319,4045,"$1,578","$2,548",1.6
ECONO ENL LUNCHEON MEAT 24/12oz,11,$2.39,$2.00,4045,5244,"$2,045",$820,0.4
ECONO ENL LUNCHEON MEAT 24/12oz,14,$2.39,$2.00,2675,2776,"$1,083",-$841,-0.8
ECONO FRUTAS PINA SLICED 24/20oz,6,$2.69,$2.00,84,149,$103,$72,0.7
ECONO FRUTAS PINA SLICED 24/20oz,7,$2.69,$2.00,149,212,$146,$23,0.2
ECONO FRUTAS PINA SLICED 24/20oz,10,$2.69,$2.00,89,196,$135,$153,1.1
ECONO FRUTAS PINA SLICED 24/20oz,11,$2.69,$2.00,196,220,$152,-$87,-0.6
ECONO FRUTAS PINA CHUCK 24/20oz,2,$2.69,$2.00,71,112,$77,$33,0.4
ECONO FRUTAS PINA CHUCK 24/20oz,5,$2.69,$2.00,58,172,$119,$188,1.6
ECONO FRUTAS PINA CHUCK 24/20oz,6,$2.69,$2.00,172,176,$121,-$111,-0.9
ECONO FRUTAS PINA CHUCK 24/20oz,7,$2.69,$2.00,176,234,$161,-$5,0.0
ECONO FRUTAS PINA CHUCK 24/20oz,10,$2.69,$2.00,69,149,$103,$112,1.1
ECONO FRUTAS PINA CHUCK 24/20oz,11,$2.69,$2.00,149,220,$152,$39,0.3
ECONO MAYONESA REG 12/15oz,5,$3.39,$2.50,145,360,$320,$408,1.3
ECONO MAYONESA REG 12/30oz,2,$4.99,$3.98,415,612,$618,$365,0.6
ECONO PIMIENTO MORRON 24/14oz,3,$1.99,$1.00,1511,3506,"$3,471",$499,0.1
ECONO PIMIENTO MORRON 24/14oz,4,$1.99,$1.00,3506,2360,"$2,336","-$4,617",-2.0
ECONO PIMIENTO MORRON 24/14oz,6,$1.99,$1.00,940,2466,"$2,441",$595,0.2
ECONO PIMIENTO MORRON 24/14oz,7,$1.99,$1.00,2466,3193,"$3,161","-$1,714",-0.5
ECONO PIMIENTO MORRON 24/14oz,10,$1.99,$1.00,936,2190,"$2,168",$327,0.2
ECONO PIMIENTO MORRON 24/14oz,11,$1.99,$1.00,2190,2587,"$2,561","-$1,771",-0.7
ECONO PIMIENTO MORRON 3KL 6/88.2oz,9,$6.29,$5.48,13,22,$18,$39,2.2
ECONO PASTA SECA FIDEOS 16/10oz,2,$0.99,$0.88,75,79,$9,-$5,-0.5
ECONO PASTA SECA FIDEOS 16/10oz,3,$0.99,$0.88,79,96,$11,$6,0.6
ECONO PASTA SECA FIDEOS 16/10oz,4,$0.99,$0.88,96,90,$10,-$16,-1.6
ECONO PASTA SECA FIDEOS 16/10oz,12,$0.99,$0.88,74,151,$17,$60,3.6
ECONO PASTA SECA FIDEOS 16/10oz,13,$0.99,$0.88,151,124,$14,-$40,-3.0
ECONO PAPAS MAJADAS 12/13.3oz,2,$3.59,$3.00,93,107,$63,-$13,-0.2
ECONO PAPAS MAJADAS 12/13.3oz,5,$3.59,$3.00,60,94,$55,$67,1.2
ECONO PAPAS MAJADAS 12/13.3oz,6,$3.59,$3.00,94,109,$64,-$10,-0.2
ECONO PAPAS MAJADAS 12/13.3oz,7,$3.59,$3.00,109,134,$79,$11,0.1
ECONO PAPAS MAJADAS 12/13.3oz,10,$3.59,$3.00,70,87,$51,$10,0.2
ECONO PAPAS MAJADAS 12/13.3oz,11,$3.59,$3.00,87,99,$58,-$15,-0.3
ECONO JUGO D/MIX BREAKFAST CHINA 12/24oz,2,$3.99,$3.48,68,112,$57,$118,2.1
ECONO JUGO D/MIX BREAKFAST CHINA 12/24oz,5,$3.99,$3.48,55,28,$14,-$122,-8.5
ECONO JUGO D/MIX BREAKFAST CHINA 12/24oz,8,$3.99,$3.48,56,34,$17,-$105,-6.1
ECONO JUGO D/MIX BREAKFAST CHINA 12/24oz,9,$3.99,$3.48,34,38,$19,-$3,-0.2
ECONO JUGO D/MIX TROPICAL PUNCH 12/24oz,2,$3.99,$3.48,19,23,$12,$4,0.4
ECONO JUGO D/MIX TROPICAL PUNCH 12/24oz,5,$3.99,$3.48,16,15,$8,-$12,-1.5
ECONO JUGO D/MIX TROPICAL PUNCH 12/24oz,8,$3.99,$3.48,21,15,$8,-$32,-4.1
ECONO JUGO D/MIX TROPICAL PUNCH 12/24oz,9,$3.99,$3.48,15,10,$5,-$25,-4.9
ECONO JUGO D/MIX FRUIT PUNCH 12/24oz,2,$3.99,$3.48,30,41,$21,$23,1.1
ECONO JUGO D/MIX FRUIT PUNCH 12/24oz,5,$3.99,$3.48,27,16,$8,-$52,-6.4
ECONO JUGO D/MIX FRUIT PUNCH 12/24oz,8,$3.99,$3.48,23,30,$15,$13,0.8
ECONO JUGO D/MIX FRUIT PUNCH 12/24oz,9,$3.99,$3.48,30,10,$5,-$85,-16.6
ECONO JUGO D/MIX ICE TEA 12/24oz,2,$3.99,$3.48,18,20,$10,-$2,-0.2
ECONO JUGO D/MIX ICE TEA 12/24oz,5,$3.99,$3.48,11,3,$2,-$33,-21.9
ECONO JUGO D/MIX ICE TEA 12/24oz,8,$3.99,$3.48,18,17,$9,-$13,-1.5
ECONO JUGO D/MIX ICE TEA 12/24oz,9,$3.99,$3.48,17,14,$7,-$19,-2.7
ECONO JUGO D/MIX GRAPE 12/24oz,2,$3.99,$3.48,29,50,$26,$58,2.3
ECONO JUGO D/MIX GRAPE 12/24oz,5,$3.99,$3.48,17,15,$8,-$16,-2.0
ECONO JUGO D/MIX GRAPE 12/24oz,8,$3.99,$3.48,28,26,$13,-$21,-1.6
ECONO JUGO D/MIX GRAPE 12/24oz,9,$3.99,$3.48,26,21,$11,-$31,-2.9
ECONO JUGO D/MIX STRAWBERRY 12/24oz,2,$3.99,$3.48,18,54,$28,$116,4.2
ECONO JUGO D/MIX STRAWBERRY 12/24oz,5,$3.99,$3.48,21,33,$17,$31,1.8
ECONO JUGO D/MIX STRAWBERRY 12/24oz,8,$3.99,$3.48,32,42,$21,$18,0.9
ECONO JUGO D/MIX STRAWBERRY 12/24oz,9,$3.99,$3.48,42,25,$13,-$81,-6.3
ECONO JUGO D/MIX CHERRY 12/24oz,2,$3.99,$3.48,14,20,$10,$14,1.3
ECONO JUGO D/MIX CHERRY 12/24oz,8,$3.99,$3.48,22,17,$9,-$29,-3.3
ECONO JUGO D/MIX CHERRY 12/24oz,9,$3.99,$3.48,17,12,$6,-$26,-4.3
ECONO JUGO D/MIX LEMON 12/24oz,2,$3.99,$3.48,13,17,$9,$7,0.8
ECONO JUGO D/MIX LEMON 12/24oz,5,$3.99,$3.48,14,10,$5,-$21,-4.1
ECONO JUGO D/MIX LEMON 12/24oz,8,$3.99,$3.48,16,21,$11,$9,0.9
ECONO JUGO D/MIX LEMON 12/24oz,9,$3.99,$3.48,21,13,$7,-$39,-5.8
ECONO ENL LUNCHEON CHICKEN 24/12oz,3,$2.89,$2.50,129,197,$77,$120,1.6
ECONO ENL LUNCHEON CHICKEN 24/12oz,4,$2.89,$2.50,197,148,$58,-$199,-3.5
ECONO ENL LUNCHEON CHICKEN 24/12oz,6,$2.89,$2.50,76,190,$74,$255,3.4
ECONO ENL LUNCHEON CHICKEN 24/12oz,7,$2.89,$2.50,190,221,$86,$3,0.0
ECONO ENL LUNCHEON CHICKEN 24/12oz,10,$2.89,$2.50,98,188,$73,$187,2.5
ECONO ENL LUNCHEON CHICKEN 24/12oz,11,$2.89,$2.50,188,215,$84,-$6,-0.1
ECONO GANDULES INSTITUCIONAL 6/105oz,10,$6.99,$5.98,11,11,$11,-$11,-1.0
ECONO GANDULES INSTITUCIONAL 6/105oz,11,$6.99,$5.98,11,8,$8,-$29,-3.6
ECONO PANCAKES SYRUP N/SUGAR 12/24oz,5,$3.69,$2.98,11,59,$42,$135,3.2
ECONO PANCAKES SYRUP 12/12oz,2,$2.99,$2.00,128,124,$123,-$135,-1.1
ECONO PANCAKES SYRUP 12/12oz,8,$2.99,$2.00,59,82,$81,-$12,-0.2
ECONO PANCAKES SYRUP 12/12oz,9,$2.99,$2.00,82,64,$63,-$117,-1.8
ECONO PANCAKES SYRUP N/SUGAR 12/12oz,2,$2.99,$2.00,47,66,$65,-$9,-0.1
ECONO PANCAKES SYRUP N/SUGAR 12/12oz,8,$2.99,$2.00,48,51,$50,-$42,-0.8
ECONO PANCAKES SYRUP N/SUGAR 12/12oz,9,$2.99,$2.00,51,58,$57,-$36,-0.6
ECONO PANCAKES SYRUP 12/24oz,5,$3.69,$2.98,16,52,$37,$96,2.6
ECONO CHICKEN BREAST CHUNK 24/5oz,6,$1.99,$1.25,570,1731,"$1,281","$1,029",0.8
ECONO CHICKEN BREAST CHUNK 24/5oz,7,$1.99,$1.25,1731,2225,"$1,647",-$663,-0.4
ECONO CHICKEN BREAST CHUNK 24/5oz,12,$1.99,$1.25,949,1995,"$1,476",$605,0.4
ECONO CHICKEN BREAST CHUNK 24/5oz,13,$1.99,$1.25,1995,1822,"$1,348","-$1,693",-1.3
ECONO CHICKEN BREAST 12/10oz,2,$2.99,$2.50,375,546,$268,$244,0.9
ECONO CHICKEN BREAST 12/10oz,3,$2.99,$2.50,546,592,$290,-$153,-0.5
ECONO CHICKEN BREAST 12/10oz,4,$2.99,$2.50,592,482,$236,-$565,-2.4
ECONO CHICKEN BREAST 12/10oz,10,$2.99,$2.50,296,400,$196,$115,0.6
ECONO CHICKEN BREAST 12/10oz,11,$2.99,$2.50,400,502,$246,$59,0.2
ECONO SALSA SOYA 12/10oz,5,$2.49,$2.00,49,40,$20,-$42,-2.1
ECONO SALSA SOYA 12/10oz,6,$2.49,$2.00,40,37,$18,-$26,-1.4
ECONO SALSA SOYA 12/10oz,7,$2.49,$2.00,37,41,$20,-$10,-0.5
ECONO SALSA SOYA 12/10oz,10,$2.49,$2.00,25,30,$15,-$2,-0.2
ECONO SALSA SOYA 12/10oz,11,$2.49,$2.00,30,43,$21,$11,0.5
ECONO SALSA WORCESTERSHIRE 12/10oz,5,$2.49,$2.00,13,23,$11,$14,1.2
ECONO SALSA WORCESTERSHIRE 12/10oz,6,$2.49,$2.00,23,16,$8,-$25,-3.2
ECONO SALSA WORCESTERSHIRE 12/10oz,7,$2.49,$2.00,16,30,$15,$20,1.4
ECONO SALSA WORCESTERSHIRE 12/10oz,10,$2.49,$2.00,14,20,$10,$5,0.5
ECONO SALSA WORCESTERSHIRE 12/10oz,11,$2.49,$2.00,20,30,$15,$10,0.7
ECONO SALSA STEAK 12/10oz,6,$2.49,$2.00,20,13,$6,-$24,-3.7
ECONO SALSA STEAK 12/10oz,7,$2.49,$2.00,13,15,$7,-$2,-0.3
ECONO SALSA STEAK 12/10oz,11,$2.49,$2.00,22,20,$10,-$15,-1.5
ECONO SOPAS DE FIDEOS 24/4.5oz,2,$1.99,$1.34,198,237,$154,-$76,-0.5
ECONO SOPAS DE FIDEOS 24/4.5oz,5,$1.99,$1.34,74,147,$96,$50,0.5
ECONO SOPAS DE FIDEOS 24/4.5oz,8,$1.99,$1.34,135,198,$129,-$3,0.0
ECONO SOPAS DE FIDEOS 24/4.5oz,9,$1.99,$1.34,198,167,$109,-$170,-1.6
ECONO SOPAS DE FIDEOS 24/4.5oz,12,$1.99,$1.34,96,268,$174,$168,1.0
ECONO SOPAS DE FIDEOS 24/4.5oz,13,$1.99,$1.34,268,183,$119,-$288,-2.4
ECONO CHOCO/HAZELNUT SPREAD 12/13oz,3,$3.89,$2.50,23,47,$65,$28,0.4
ECONO CHOCO/HAZELNUT SPREAD 12/13oz,4,$3.89,$2.50,47,43,$60,-$75,-1.3
ECONO CHOCO/HAZELNUT SPREAD 12/13oz,5,$3.89,$2.50,43,34,$47,-$82,-1.7
ECONO CHOCO/HAZELNUT SPREAD 12/13oz,10,$3.89,$2.50,12,57,$79,$96,1.2
ECONO CHOCO/HAZELNUT SPREAD 12/13oz,11,$3.89,$2.50,57,25,$35,-$159,-4.6
ECONO ADOBO TOTAL (TIPO BADIA) 12/12oz,3,$3.32,$2.50,13,85,$70,$169,2.4
ECONO ADOBO TOTAL (TIPO BADIA) 12/12oz,4,$3.32,$2.50,85,17,$14,-$240,-17.1
ECONO ADOBO TOTAL (TIPO BADIA) 12/12oz,8,$3.32,$2.50,13,72,$59,$137,2.3
ECONO ADOBO TOTAL (TIPO BADIA) 12/12oz,9,$3.32,$2.50,72,69,$57,-$67,-1.2
ECONO ADOBO TOTAL (TIPO BADIA) 12/12oz,12,$3.32,$2.50,13,73,$60,$139,2.3
ECONO ADOBO TOTAL (TIPO BADIA) 12/12oz,13,$3.32,$2.50,73,51,$42,-$115,-2.7
ECONO SALSA SPAG ALFREDO 12/15oz,2,$2.99,$2.25,266,412,$305,$132,0.4
ECONO SALSA SPAG ALFREDO 12/15oz,14,$2.99,$2.50,146,241,$118,$166,1.4
ECONO SALSA SPAG ALFREDO GARLIC 12/15oz,2,$2.99,$2.25,186,160,$118,-$196,-1.7
ECONO SALSA SPAG ALFREDO GARLIC 12/15oz,14,$2.99,$2.50,149,145,$71,-$83,-1.2
ECONO FRUTAS CUPS MIX FRUITS W/SYRUP 6/4/4oz,5,$3.99,$3.00,18,8,$8,-$48,-6.0
ECONO FRUTAS CUPS MIX FRUITS W/SYRUP 6/4/4oz,7,$3.99,$3.00,22,29,$29,-$1,0.0
ECONO FRUTAS CUPS PEACH W/SYRUP 6/4/4oz,5,$3.99,$3.00,19,15,$15,-$31,-2.1
ECONO FRUTAS CUPS PEACH W/SYRUP 6/4/4oz,6,$3.99,$3.00,15,18,$18,-$6,-0.3
ECONO FRUTAS CUPS PEACH W/SYRUP 6/4/4oz,7,$3.99,$3.00,18,30,$30,$18,0.6
ECONO FRUTAS CUPS PEACH W/SYRUP 6/4/4oz,11,$3.99,$3.00,14,22,$22,$10,0.5
ECONO FRUTAS CUPS PEARS W/SYRUP 6/4/4oz,5,$3.99,$3.00,13,7,$7,-$31,-4.5
ECONO FRUTAS CUPS PEARS W/SYRUP 6/4/4oz,7,$3.99,$3.00,10,20,$20,$20,1.0
ECONO FRUTAS CUPS PEARS W/SYRUP 6/4/4oz,10,$3.99,$3.00,11,9,$9,-$17,-1.9
ECONO PASTA SECA LINGUINE 20/16oz,5,$1.99,$1.25,56,60,$44,-$36,-0.8
ECONO PASTA SECA LINGUINE 20/16oz,8,$1.99,$1.25,82,99,$73,-$39,-0.5
ECONO PASTA SECA LINGUINE 20/16oz,9,$1.99,$1.25,99,97,$72,-$76,-1.1
ECONO PASTA SECA PENNE 20/16oz,5,$1.99,$1.25,143,150,$111,-$97,-0.9
ECONO PASTA SECA PENNE 20/16oz,8,$1.99,$1.25,136,155,$115,-$77,-0.7
ECONO PASTA SECA PENNE 20/16oz,9,$1.99,$1.25,155,159,$118,-$110,-0.9
ECONO ENDULZADOR SUCRALOSA 20/50ct,3,$1.79,$1.50,33,95,$28,$83,3.0
ECONO ENDULZADOR SUCRALOSA 20/50ct,4,$1.79,$1.50,95,64,$19,-$74,-4.0
ECONO ENDULZADOR SUCRALOSA 20/50ct,6,$1.79,$1.50,19,129,$37,$159,4.3
ECONO ENDULZADOR SUCRALOSA 20/50ct,7,$1.79,$1.50,129,127,$37,-$40,-1.1
ECONO ENDULZADOR SUCRALOSA 20/50ct,14,$1.79,$1.50,23,79,$23,$77,3.4
ECONO ENDULZADOR SUCRALOSA 24/100ct,5,$2.99,$2.50,36,121,$59,$195,3.3
ECONO ENDULZADOR SUCRALOSA 24/100ct,10,$2.99,$2.50,51,136,$67,$188,2.8
ECONO ENDULZADOR SUCRALOSA 24/100ct,11,$2.99,$2.50,136,211,$103,$121,1.2
ECONO PASTA SECA CANELON 18/8.8oz,2,$1.49,$1.00,62,71,$35,-$21,-0.6
ECONO PASTA SECA CANELON 18/8.8oz,3,$1.49,$1.00,71,87,$43,-$19,-0.4
ECONO PASTA SECA CANELON 18/8.8oz,4,$1.49,$1.00,87,139,$68,$9,0.1
ECONO PASTA SECA CANELON 18/8.8oz,12,$1.49,$1.00,60,167,$82,$78,0.9
ECONO PASTA SECA CANELON 18/8.8oz,13,$1.49,$1.00,167,114,$56,-$135,-2.4
ECONO VEG MIXED VEGETABLES 24/8.5oz,5,$0.99,$0.78,1240,1260,$265,-$245,-0.9
ECONO VEG MIXED VEGETABLES 24/8.5oz,6,$0.99,$0.78,1260,1743,$366,$112,0.3
ECONO VEG MIXED VEGETABLES 24/8.5oz,7,$0.99,$0.78,1743,2266,$476,$42,0.1
ECONO VEG MIXED VEGETABLES 24/8.5oz,10,$0.99,$0.78,1361,1512,$318,-$168,-0.5
ECONO VEG MIXED VEGETABLES 24/8.5oz,11,$0.99,$0.78,1512,1538,$323,-$297,-0.9
ECONO IODIZED SALT (PLASTIC) 12/26oz,6,$0.89,$0.78,287,528,$58,$156,2.7
ECONO IODIZED SALT (PLASTIC) 12/26oz,7,$0.89,$0.78,528,354,$39,-$194,-5.0
ECONO IODIZED SALT (PLASTIC) 12/26oz,10,$0.89,$0.78,237,657,$72,$302,4.2
ECONO IODIZED SALT (PLASTIC) 12/26oz,11,$0.89,$0.78,657,567,$62,-$142,-2.3
ECONO PASTA DE GUAYABA F/PACK 24/14oz,3,$1.29,$0.98,236,533,$165,$218,1.3
ECONO PASTA DE GUAYABA F/PACK 24/14oz,4,$1.29,$0.98,533,343,$106,-$351,-3.3
ECONO PASTA DE GUAYABA F/PACK 24/14oz,6,$1.29,$0.98,158,437,$135,$224,1.7
ECONO PASTA DE GUAYABA F/PACK 24/14oz,7,$1.29,$0.98,437,400,$124,-$172,-1.4
ECONO PASTA DE GUAYABA POLY 24/21oz,2,$1.99,$1.67,127,140,$45,-$19,-0.4
ECONO PASTA DE GUAYABA POLY 24/21oz,5,$1.99,$1.67,82,152,$49,$91,1.9
ECONO PASTA DE GUAYABA POLY 24/21oz,10,$1.99,$1.67,105,182,$58,$95,1.6
ECONO PASTA DE GUAYABA POLY 24/21oz,11,$1.99,$1.67,182,142,$45,-$125,-2.8
ECONO PASTA DE GUAYABA POLY 24/21oz,12,$1.99,$1.67,142,150,$48,-$32,-0.7
ECONO PASTA DE GUAYABA POLY 24/21oz,13,$1.99,$1.67,150,150,$48,-$48,-1.0
ECONO ADOBO C/PIMIENTA 10.5,3,$1.39,$1.25,46,59,$8,$10,1.2
ECONO ADOBO C/PIMIENTA 10.5,4,$1.39,$1.25,59,61,$9,-$6,-0.7
ECONO PASAS 12/12oz,8,$3.49,$3.00,19,34,$17,$36,2.1
ECONO PASAS 12/12oz,9,$3.49,$3.00,34,32,$16,-$23,-1.4
ECONO CIRUELAS 12/8oz,8,$3.49,$3.00,35,54,$26,$40,1.5
ECONO CIRUELAS 12/8oz,9,$3.49,$3.00,54,53,$26,-$29,-1.1
ECONO MARASCHINO CHERRIES 12/10oz,4,$2.99,$2.48,53,40,$20,-$59,-2.9
ECONO MARASCHINO CHERRIES 12/10oz,5,$2.99,$2.48,40,41,$21,-$18,-0.9
ECONO MARASCHINO CHERRIES 12/16oz,2,$3.99,$3.48,41,41,$21,-$21,-1.0
ECONO MARASCHINO CHERRIES 12/16oz,8,$3.99,$3.48,27,21,$11,-$35,-3.2
ECONO MARASCHINO CHERRIES 12/16oz,9,$3.99,$3.48,21,22,$11,-$7,-0.6
ECONO MINI MARSHMALLOWS 24/10OZ,3,$1.99,$1.34,21,24,$16,-$10,-0.6
ECONO MINI MARSHMALLOWS 24/10OZ,4,$1.99,$1.34,24,18,$12,-$24,-2.0
ECONO MARSHMALLOWS 24/10oz,3,$1.99,$1.34,30,31,$20,-$18,-0.9
ECONO MARSHMALLOWS 24/10oz,4,$1.99,$1.34,31,35,$23,-$15,-0.7
ECONO MARSHMALLOWS 24/10oz,8,$1.99,$1.34,21,41,$27,$13,0.5
ECONO MARSHMALLOWS 24/10oz,9,$1.99,$1.34,41,49,$32,-$16,-0.5
ECONO MINI SALCHICHAS DE POLLO 36/2.78oz,8,$0.79,$0.50,126,83,$24,-$58,-2.4
ECONO MINI SALCHICHAS DE POLLO 36/2.78oz,9,$0.79,$0.50,83,79,$23,-$26,-1.1
ECONO ACEITE MAIZ 6/96oz,2,$8.99,$5.48,2535,2713,"$9,523","-$7,922",-0.8
ECONO LIQUIDO DE FREGAR ULTRA FRESH 24/12oz,12,$0.99,$0.84,105,163,$24,$33,1.3
ECONO LIQUIDO DE FREGAR ULTRA FRESH 24/12oz,13,$0.99,$0.84,163,143,$21,-$41,-1.9
ECONO LIQUIDO DE FREGAR LIMON 24/12oz,12,$0.99,$0.84,124,184,$28,$32,1.2
ECONO LIQUIDO DE FREGAR LIMON 24/12oz,13,$0.99,$0.84,184,205,$31,-$10,-0.3
ECONO SAZON CULANTRO Y ACHIOTE 15/20ct,2,$2.59,$2.00,54,64,$38,-$12,-0.3
ECONO SAZON CULANTRO Y ACHIOTE 15/20ct,5,$2.59,$2.00,104,207,$122,$145,1.2
ECONO SAZON CULANTRO Y ACHIOTE 15/20ct,8,$2.59,$2.00,148,321,$189,$259,1.4
ECONO SAZON CULANTRO Y ACHIOTE 15/20ct,9,$2.59,$2.00,321,196,$116,-$439,-3.8
ECONO SAZON CULANTRO Y ACHIOTE 15/20ct,14,$2.59,$2.00,91,185,$109,$134,1.2
ECONO JUGO DE UVA 100% 8/64oz,2,$3.99,$3.00,37,45,$45,-$13,-0.3
ECONO JUGO DE UVA 100% 8/64oz,8,$3.99,$3.00,26,55,$54,$61,1.1
ECONO JUGO DE UVA 100% 8/64oz,9,$3.99,$3.00,55,40,$40,-$99,-2.5
ECONO JUGO DE UVA 100% 8/64oz,10,$3.99,$3.00,40,6,$6,-$142,-23.8
ECONO JUGO DE CHINA 100% 8/64oz,12,$5.99,$4.88,14,36,$40,$92,2.3
ECONO JUGO DE CHINA 100% 8/64oz,13,$5.99,$4.88,36,21,$23,-$113,-4.9
ECONO JUGO DE CHINA 100% 8/64oz,14,$5.99,$4.88,21,76,$84,$245,2.9
ECONO JUGO DE MANZANA 100% 8/64oz,2,$3.99,$3.00,73,52,$51,-$135,-2.6
ECONO JUGO DE MANZANA 100% 8/64oz,10,$3.99,$3.00,13,100,$99,$248,2.5
ECONO JUGO DE MANZANA 100% 8/64oz,11,$3.99,$3.00,100,93,$92,-$120,-1.3
ECONO BEBIDA DE CRANBERRY 8/64oz,8,$3.99,$3.00,11,13,$13,-$5,-0.4
ECONO BEBIDA DE CRANBERRY 8/64oz,9,$3.99,$3.00,13,7,$7,-$31,-4.5
ECONO BEBIDA DE CRANBERRY 8/64oz,13,$3.99,$3.00,58,35,$35,-$126,-3.6
ECONO ENL LUNCHEON LOAF TURKEY 24/12oz,3,$2.89,$2.50,77,111,$43,$55,1.3
ECONO ENL LUNCHEON LOAF TURKEY 24/12oz,4,$2.89,$2.50,111,73,$28,-$138,-4.9
ECONO ENL LUNCHEON LOAF TURKEY 24/12oz,6,$2.89,$2.50,58,46,$18,-$53,-2.9
ECONO ENL LUNCHEON LOAF TURKEY 24/12oz,7,$2.89,$2.50,46,90,$35,$92,2.6
ECONO ENL LUNCHEON LOAF TURKEY 24/12oz,10,$2.89,$2.50,52,61,$24,$2,0.1
ECONO ENL LUNCHEON LOAF TURKEY 24/12oz,11,$2.89,$2.50,61,75,$29,$11,0.4
ECONO ENL LUNCHEON MEAT BACON 12oz,3,$2.89,$2.50,40,90,$35,$109,3.1
ECONO ENL LUNCHEON MEAT BACON 12oz,4,$2.89,$2.50,90,50,$20,-$135,-6.9
ECONO ENL LUNCHEON MEAT BACON 12oz,6,$2.89,$2.50,21,55,$21,$77,3.6
ECONO ENL LUNCHEON MEAT BACON 12oz,7,$2.89,$2.50,55,55,$21,-$21,-1.0
ECONO ENL LUNCHEON MEAT BACON 12oz,10,$2.89,$2.50,20,31,$12,$20,1.6
ECONO ENL LUNCHEON MEAT BACON 12oz,11,$2.89,$2.50,31,46,$18,$25,1.4
ECONO COCKTAIL SAUSAGES 24/8oz,8,$2.99,$2.50,58,166,$81,$242,3.0
ECONO COCKTAIL SAUSAGES 24/8oz,9,$2.99,$2.50,166,127,$62,-$179,-2.9
ECONO ACEITUNAS MANZANILLA 12/10oz,2,$2.99,$2.00,18,25,$25,-$4,-0.2
ECONO ACEITUNAS MANZANILLA 12/10oz,6,$2.99,$2.00,17,62,$61,$73,1.2
ECONO ACEITUNAS MANZANILLA 12/10oz,7,$2.99,$2.00,62,72,$71,-$41,-0.6
ECONO ACEITUNAS MANZANILLA 12/10oz,13,$2.99,$2.00,57,50,$50,-$70,-1.4
ECONO ACEITUNAS CONDIMENTOS 12/10oz,2,$2.99,$2.00,13,14,$14,-$11,-0.8
ECONO ACEITUNAS CONDIMENTOS 12/10oz,6,$2.99,$2.00,24,67,$66,$62,0.9
ECONO ACEITUNAS CONDIMENTOS 12/10oz,7,$2.99,$2.00,67,144,$143,$88,0.6
ECONO ACEITUNAS CONDIMENTOS 12/10oz,12,$2.99,$2.00,13,49,$49,$59,1.2
ECONO ACEITUNAS CONDIMENTOS 12/10oz,13,$2.99,$2.00,49,51,$50,-$45,-0.9
ECONO ACEITUNAS ALCAPARRADO 12/10oz,2,$2.99,$2.00,13,19,$19,-$1,0.0
ECONO ACEITUNAS ALCAPARRADO 12/10oz,6,$2.99,$2.00,14,61,$60,$80,1.3
ECONO ACEITUNAS ALCAPARRADO 12/10oz,7,$2.99,$2.00,61,79,$78,-$24,-0.3
ECONO ACEITUNAS ALCAPARRADO 12/10oz,12,$2.99,$2.00,16,84,$83,$120,1.4
ECONO ACEITUNAS ALCAPARRADO 12/10oz,13,$2.99,$2.00,84,30,$30,-$191,-6.4
ECONO ACEITE OLIVA 100% PURO 12/8.45oz,12,$4.99,$3.68,31,72,$94,$110,1.2
ECONO ACEITE OLIVA 100% PURO 12/8.45oz,13,$4.99,$3.68,72,71,$93,-$98,-1.1
ECONO ACEITE OLIVA XTRA VIRGEN 12/8.45oz,12,$4.99,$3.68,45,77,$101,$59,0.6
ECONO ACEITE OLIVA XTRA VIRGEN 12/8.45oz,13,$4.99,$3.68,77,57,$75,-$174,-2.3
ECONO PIMIENTOS MORRONES EN TIRAS 24/4oz,14,$1.29,$0.88,121,135,$55,-$37,-0.7
ECONO PIMIENTOS MORRONES EN CUBOS 24/4oz,14,$1.29,$0.88,163,114,$47,-$110,-2.4
ECONO BBQ SAUCE 12/18oz,2,$1.99,$1.50,192,329,$161,$111,0.7
ECONO BBQ SAUCE 12/18oz,5,$1.99,$1.50,194,144,$71,-$170,-2.4
ECONO BBQ SAUCE 12/18oz,8,$1.99,$1.50,235,252,$123,-$90,-0.7
ECONO BBQ SAUCE 12/18oz,9,$1.99,$1.50,252,205,$100,-$194,-1.9
ECONO BBQ SAUCE 12/18oz,12,$1.99,$1.67,223,388,$124,$204,1.6
ECONO BBQ SAUCE 12/18oz,13,$1.99,$1.67,388,280,$90,-$305,-3.4
ECONO BBQ SAUCE 12/18oz,14,$1.99,$1.67,280,166,$53,-$280,-5.3
ECONO ENL LUNCHEON MEAT PORK & CHICKEN 24/12oz,3,$2.89,$2.50,26,61,$24,$77,3.3
ECONO ENL LUNCHEON MEAT PORK & CHICKEN 24/12oz,4,$2.89,$2.50,61,42,$16,-$71,-4.4
ECONO ENL LUNCHEON MEAT PORK & CHICKEN 24/12oz,6,$2.89,$2.50,12,20,$8,$15,2.0
ECONO ENL LUNCHEON MEAT PORK & CHICKEN 24/12oz,7,$2.89,$2.50,20,29,$11,$15,1.3
ECONO ENL LUNCHEON MEAT PORK & CHICKEN 24/12oz,10,$2.89,$2.50,13,29,$11,$35,3.1
ECONO ENL LUNCHEON MEAT PORK & CHICKEN 24/12oz,11,$2.89,$2.50,29,19,$7,-$36,-4.9
ECONO MICROWAVE POPCORN NATURAL BUTTER 12/3.3oz,3,$2.49,$2.00,21,17,$8,-$18,-2.2
ECONO MICROWAVE POPCORN NATURAL BUTTER 12/3.3oz,4,$2.49,$2.00,17,11,$5,-$20,-3.8
ECONO MICROWAVE POPCORN THEATHER STYLE 12/3.3oz,3,$2.49,$2.00,45,43,$21,-$26,-1.2
ECONO MICROWAVE POPCORN THEATHER STYLE 12/3.3oz,4,$2.49,$2.00,43,28,$14,-$51,-3.7
ECONO PICKELS BABY DILL 12/17oz,4,$2.79,$2.50,23,20,$6,-$14,-2.4
ECONO PICKELS BABY DILL 12/17oz,7,$2.79,$2.50,16,7,$2,-$27,-13.4
ECONO PICKELS BABY DILL 12/17oz,11,$2.79,$2.50,15,15,$4,-$4,-1.0
ECONO PICKELS GOURMET DILL 12/17oz,3,$2.79,$2.50,16,25,$7,$18,2.5
ECONO PICKELS GOURMET DILL 12/17oz,4,$2.79,$2.50,25,19,$6,-$22,-4.0
ECONO PICKELS GOURMET DILL 12/17oz,6,$2.79,$2.50,10,19,$6,$20,3.6
ECONO PICKELS GOURMET DILL 12/17oz,7,$2.79,$2.50,19,26,$8,$12,1.6
ECONO PICKELS GOURMET DILL 12/17oz,11,$2.79,$2.50,18,15,$4,-$13,-2.9
ECONO PICKELS SPEARS 12/17oz,3,$2.79,$2.50,18,28,$8,$20,2.4
ECONO PICKELS SPEARS 12/17oz,4,$2.79,$2.50,28,17,$5,-$36,-7.2
ECONO PICKELS SPEARS 12/17oz,6,$2.79,$2.50,27,11,$3,-$48,-15.0
ECONO PICKELS SPEARS 12/17oz,7,$2.79,$2.50,11,26,$8,$34,4.6
ECONO PICKELS SPEARS 12/17oz,10,$2.79,$2.50,14,23,$7,$18,2.8
ECONO PICKELS SPEARS 12/17oz,11,$2.79,$2.50,23,22,$6,-$9,-1.4
ECONO CONS CALAMAR JUMBO MARINARA 50/4oz,3,$1.99,$1.25,99,320,$237,$203,0.9
ECONO CONS CALAMAR JUMBO MARINARA 50/4oz,4,$1.99,$1.25,320,238,$176,-$339,-1.9
ECONO CONS CALAMAR JUMBO MARINARA 50/4oz,6,$1.99,$1.25,57,306,$226,$269,1.2
ECONO CONS CALAMAR JUMBO MARINARA 50/4oz,7,$1.99,$1.25,306,382,$283,-$131,-0.5
ECONO CONS CALAMAR JUMBO MARINARA 50/4oz,12,$1.99,$1.25,91,304,$225,$199,0.9
ECONO CONS CALAMAR JUMBO MARINARA 50/4oz,13,$1.99,$1.25,304,212,$157,-$340,-2.2
ECONO MANDARIN ORANGE WHOLE SEGMENTS 24/11oz,12,$1.99,$1.25,64,226,$167,$155,0.9
ECONO MANDARIN ORANGE WHOLE SEGMENTS 24/11oz,13,$1.99,$1.25,226,178,$132,-$227,-1.7
ECONO ACEITE CANOLA 6/96oz,6,$7.99,$5.98,145,1937,"$3,893","$10,425",2.7
ECONO ACEITE CANOLA 6/96oz,7,$7.99,$5.98,1937,2307,"$4,637","-$1,681",-0.4
ECONO ACEITE CANOLA 6/96oz,10,$7.99,$5.45,764,847,"$2,151","-$1,488",-0.7
ECONO ACEITE CANOLA 6/96oz,11,$7.99,$5.45,847,1679,"$4,265","$2,383",0.6
ECONO CAFE MOLIDO PREMIUM BOLSA METALIZADA 10/14oz,2,$5.29,$4.48,412,523,$424,$164,0.4
ECONO CAFE MOLIDO PREMIUM BOLSA METALIZADA 10/14oz,5,$5.29,$4.48,326,383,$310,-$9,0.0
ECONO CAFE MOLIDO PREMIUM BOLSA METALIZADA 10/14oz,8,$5.29,$4.48,263,422,$342,$499,1.5
ECONO CAFE MOLIDO PREMIUM BOLSA METALIZADA 10/14oz,9,$5.29,$4.48,422,368,$298,-$584,-2.0
ECONO CHOCO/HAZELNUT SPREAD 6/26.5oz,2,$6.99,$4.98,13,25,$50,$34,0.7
ECONO PAPEL HIGIENICO 4/12ct,3,$6.99,$3.98,836,1744,"$5,249","$1,097",0.2
ECONO PAPEL HIGIENICO 4/12ct,4,$6.99,$3.98,1744,1082,"$3,257","-$7,884",-2.4
ECONO PAPEL HIGIENICO 4/12ct,8,$6.99,$3.95,799,826,"$2,511","-$2,322",-0.9
ECONO PAPEL HIGIENICO 4/12ct,9,$6.99,$3.95,826,853,"$2,593","-$2,404",-0.9
ECONO PAPEL HIGIENICO 4/12ct,14,$6.99,$3.98,704,1017,"$3,061",-$873,-0.3
ECONO BBQ SAUCE GALON 4/128oz,11,$8.29,$7.98,13,6,$2,-$60,-32.2
ECONO VINAGRE BLANCO 5% 4/128oz,2,$4.49,$3.68,173,200,$162,-$41,-0.3
ECONO VINAGRE BLANCO 5% 4/128oz,8,$4.49,$3.68,137,148,$120,-$70,-0.6
ECONO VINAGRE BLANCO 5% 4/128oz,9,$4.49,$3.68,148,145,$117,-$131,-1.1
ECONO PINK SALMON 24/14.75oz,3,$3.79,$3.00,319,645,$510,$726,1.4
ECONO PINK SALMON 24/14.75oz,4,$3.79,$3.00,645,403,$318,"-$1,236",-3.9
ECONO PINK SALMON 24/14.75oz,6,$3.79,$2.98,135,452,$366,$835,2.3
ECONO PINK SALMON 24/14.75oz,7,$3.79,$2.98,452,630,$510,$164,0.3
ECONO PINK SALMON 24/14.75oz,10,$3.79,$2.98,88,214,$173,$304,1.8
ECONO PINK SALMON 24/14.75oz,11,$3.79,$2.98,214,184,$149,-$263,-1.8
ECONO PASTA EN BOLSA ESPAGUETTI 24/14oz,2,$1.49,$0.85,796,1244,$796,-$129,-0.2
ECONO PASTA EN BOLSA ESPAGUETTI 24/14oz,3,$1.49,$0.85,1244,1878,"$1,202",-$257,-0.2
ECONO PASTA EN BOLSA ESPAGUETTI 24/14oz,4,$1.49,$0.85,1878,1260,$806,"-$1,727",-2.1
ECONO PASTA EN BOLSA ESPAGUETTI 24/14oz,12,$1.49,$0.88,976,1580,$964,-$64,-0.1
ECONO PASTA EN BOLSA ESPAGUETTI 24/14oz,13,$1.49,$0.88,1580,1256,$766,"-$1,249",-1.6
ECONO PASTA EN BOLSA PENNE 20/14oz,2,$1.49,$0.85,543,692,$443,-$221,-0.5
ECONO PASTA EN BOLSA PENNE 20/14oz,3,$1.49,$0.85,692,1005,$643,-$177,-0.3
ECONO PASTA EN BOLSA PENNE 20/14oz,4,$1.49,$0.85,1005,738,$472,-$870,-1.8
ECONO PASTA EN BOLSA PENNE 20/14oz,12,$1.49,$0.88,545,977,$596,$48,0.1
ECONO PASTA EN BOLSA PENNE 20/14oz,13,$1.49,$0.88,977,745,$454,-$800,-1.8
ECONO PASTA EN BOLSA CODITOS 22/14oz,2,$1.49,$0.85,659,988,$632,-$142,-0.2
ECONO PASTA EN BOLSA CODITOS 22/14oz,3,$1.49,$0.85,988,1332,$852,-$340,-0.4
ECONO PASTA EN BOLSA CODITOS 22/14oz,4,$1.49,$0.85,1332,948,$607,"-$1,179",-1.9
ECONO PASTA EN BOLSA CODITOS 22/14oz,12,$1.49,$0.88,927,1394,$850,-$155,-0.2
ECONO PASTA EN BOLSA CODITOS 22/14oz,13,$1.49,$0.88,1394,1115,$680,"-$1,096",-1.6
ECONO PASTA EN BOLSA MACARRONES 20/14oz,2,$1.49,$0.85,354,497,$318,-$105,-0.3
ECONO PASTA EN BOLSA MACARRONES 20/14oz,3,$1.49,$0.85,497,733,$469,-$117,-0.3
ECONO PASTA EN BOLSA MACARRONES 20/14oz,4,$1.49,$0.85,733,497,$318,-$670,-2.1
ECONO PASTA EN BOLSA MACARRONES 20/14oz,12,$1.49,$0.88,416,769,$469,$57,0.1
ECONO PASTA EN BOLSA MACARRONES 20/14oz,13,$1.49,$0.88,769,543,$331,-$668,-2.0
ECONO LECHE UHT 2% LACTOSE FREE 12/32oz,2,$2.49,$2.28,690,868,$182,$261,1.4
ECONO LECHE UHT 2% LACTOSE FREE 12/32oz,3,$2.49,$2.28,868,1101,$231,$349,1.5
ECONO LECHE UHT 2% LACTOSE FREE 12/32oz,4,$2.49,$2.28,1101,987,$207,-$491,-2.4
ECONO LECHE UHT 2% LACTOSE FREE 12/32oz,6,$2.49,$2.28,602,1191,$250,"$1,216",4.9
ECONO LECHE UHT 2% LACTOSE FREE 12/32oz,7,$2.49,$2.28,1191,1309,$275,$19,0.1
ECONO LECHE UHT 2% LACTOSE FREE 12/32oz,12,$2.49,$2.28,955,1441,$303,$908,3.0
ECONO LECHE UHT 2% LACTOSE FREE 12/32oz,13,$2.49,$2.28,1441,1153,$242,-$959,-4.0
ECONO LECHE UHT 2% LACTOSE FREE 12/32oz,14,$2.49,$2.28,1153,915,$192,-$785,-4.1
ECONO BBQ HONEY SAUCE 12/18oz,2,$1.99,$1.50,235,329,$161,$26,0.2
ECONO BBQ HONEY SAUCE 12/18oz,5,$1.99,$1.50,209,185,$91,-$138,-1.5
ECONO BBQ HONEY SAUCE 12/18oz,8,$1.99,$1.50,262,359,$176,$17,0.1
ECONO BBQ HONEY SAUCE 12/18oz,9,$1.99,$1.50,359,238,$117,-$357,-3.1
ECONO BBQ HONEY SAUCE 12/18oz,12,$1.99,$1.67,312,458,$147,$144,1.0
ECONO BBQ HONEY SAUCE 12/18oz,13,$1.99,$1.67,458,336,$108,-$350,-3.3
ECONO BBQ HONEY SAUCE 12/18oz,14,$1.99,$1.67,336,201,$64,-$333,-5.2
ECONO GALLETA CASCO ORIGINAL 24/5oz,2,$1.34,$1.00,248,203,$69,-$129,-1.9
ECONO GALLETA CASCO ORIGINAL 24/5oz,5,$1.34,$1.00,68,96,$33,$5,0.1
ECONO GALLETA CASCO ORIGINAL 24/5oz,6,$1.34,$1.00,96,178,$61,$49,0.8
ECONO GALLETA CASCO ORIGINAL 24/5oz,7,$1.34,$1.00,178,182,$62,-$57,-0.9
ECONO GALLETA CASCO ORIGINAL 24/5oz,10,$1.34,$1.00,76,83,$28,-$19,-0.7
ECONO GALLETA CASCO ORIGINAL 24/5oz,11,$1.34,$1.00,83,87,$30,-$24,-0.8
ECONO CONS CALAMAR JUMBO EN ACEITE 24/9.25oz,2,$2.99,$2.50,36,57,$28,$35,1.2
ECONO CONS CALAMAR JUMBO EN ACEITE 24/9.25oz,5,$2.99,$2.50,38,82,$40,$91,2.3
ECONO CONS CALAMAR JUMBO EN ACEITE 24/9.25oz,10,$2.99,$2.50,25,71,$35,$103,3.0
ECONO CONS CALAMAR JUMBO EN ACEITE 24/9.25oz,11,$2.99,$2.50,71,78,$38,-$17,-0.5
ECONO CONS CALAMAR JUMBO AJILLO 24/9.25oz,2,$2.99,$2.50,28,48,$24,$36,1.5
ECONO CONS CALAMAR JUMBO AJILLO 24/9.25oz,5,$2.99,$2.50,26,86,$42,$137,3.3
ECONO CONS CALAMAR JUMBO AJILLO 24/9.25oz,10,$2.99,$2.50,17,52,$25,$79,3.1
ECONO CONS CALAMAR JUMBO AJILLO 24/9.25oz,11,$2.99,$2.50,52,53,$26,-$23,-0.9
ECONO CONS CALAMAR JUMBO MARINERA 24/9.25oz,2,$2.99,$2.50,21,23,$11,-$5,-0.5
ECONO CONS CALAMAR JUMBO MARINERA 24/9.25oz,5,$2.99,$2.50,31,64,$31,$67,2.1
ECONO CONS CALAMAR JUMBO MARINERA 24/9.25oz,10,$2.99,$2.50,17,35,$17,$37,2.1
ECONO CONS CALAMAR JUMBO MARINERA 24/9.25oz,11,$2.99,$2.50,35,30,$15,-$30,-2.0
ECONO CONS CALAMARES EN TINTA 24/9.25oz,2,$2.99,$2.50,25,42,$21,$30,1.5
ECONO CONS CALAMARES EN TINTA 24/9.25oz,5,$2.99,$2.50,13,43,$21,$69,3.3
ECONO CONS CALAMARES EN TINTA 24/9.25oz,11,$2.99,$2.50,41,23,$11,-$65,-5.8
ECONO CONS SARDINAS EN ACEITE 24/9.25oz,5,$2.99,$2.50,14,13,$6,-$9,-1.5
ECONO MEZCLA SANDWICH 48/7oz,3,$2.49,$1.67,79,211,$173,$156,0.9
ECONO MEZCLA SANDWICH 48/7oz,4,$2.49,$1.67,211,127,$104,-$313,-3.0
ECONO MEZCLA SANDWICH 48/7oz,6,$2.49,$1.67,50,165,$135,$151,1.1
ECONO MEZCLA SANDWICH 48/7oz,7,$2.49,$1.67,165,207,$170,-$65,-0.4
ECONO MEZCLA SANDWICH 48/7oz,10,$2.49,$1.67,22,147,$121,$191,1.6
ECONO MEZCLA SANDWICH 48/7oz,11,$2.49,$1.67,147,193,$158,-$44,-0.3
ECONO MEZCLA SANDWICH 48/7oz,14,$2.49,$1.67,60,130,$107,$68,0.6
ECONO DRESSING RANCH 12/16oz,3,$1.79,$1.25,22,52,$28,$26,0.9
ECONO DRESSING RANCH 12/16oz,4,$1.79,$1.25,52,38,$21,-$46,-2.2
ECONO DRESSING RANCH 12/16oz,5,$1.79,$1.25,38,23,$12,-$39,-3.2
ECONO DRESSING RANCH 12/16oz,8,$1.79,$1.25,29,35,$19,-$8,-0.4
ECONO DRESSING RANCH 12/16oz,9,$1.79,$1.25,35,27,$15,-$29,-2.0
ECONO DRESSING RANCH 12/16oz,14,$1.79,$1.25,19,78,$42,$63,1.5
ECONO DRESSING RANCH LIGHT 12/16oz,3,$1.79,$1.25,27,51,$28,$15,0.6
ECONO DRESSING RANCH LIGHT 12/16oz,4,$1.79,$1.25,51,48,$26,-$31,-1.2
ECONO DRESSING RANCH LIGHT 12/16oz,5,$1.79,$1.25,48,80,$43,$14,0.3
ECONO DRESSING RANCH LIGHT 12/16oz,8,$1.79,$1.25,33,30,$16,-$22,-1.3
ECONO DRESSING RANCH LIGHT 12/16oz,9,$1.79,$1.25,30,20,$11,-$29,-2.7
ECONO DRESSING RANCH LIGHT 12/16oz,14,$1.79,$1.25,31,18,$10,-$33,-3.4
ECONO DRESSING ITALIAN 12/16oz,3,$1.79,$1.25,39,58,$31,$3,0.1
ECONO DRESSING ITALIAN 12/16oz,4,$1.79,$1.25,58,37,$20,-$58,-2.9
ECONO DRESSING ITALIAN 12/16oz,5,$1.79,$1.25,37,19,$10,-$42,-4.1
ECONO DRESSING ITALIAN 12/16oz,8,$1.79,$1.25,24,20,$11,-$18,-1.7
ECONO DRESSING ITALIAN 12/16oz,9,$1.79,$1.25,20,49,$26,$25,1.0
ECONO DRESSING ITALIAN 12/16oz,14,$1.79,$1.25,13,30,$16,$14,0.9
ECONO DRESSING ITALIAN LIGHT 12/16oz,3,$1.79,$1.25,14,33,$18,$16,0.9
ECONO DRESSING ITALIAN LIGHT 12/16oz,4,$1.79,$1.25,33,12,$6,-$44,-6.8
ECONO DRESSING ITALIAN LIGHT 12/16oz,5,$1.79,$1.25,12,68,$37,$64,1.7
ECONO DRESSING ITALIAN LIGHT 12/16oz,8,$1.79,$1.25,13,21,$11,$3,0.3
ECONO DRESSING ITALIAN LIGHT 12/16oz,9,$1.79,$1.25,21,18,$10,-$15,-1.6
ECONO DRESSING ITALIAN LIGHT 12/16oz,14,$1.79,$1.25,10,12,$6,-$3,-0.4
ECONO DRESSING THOUSAND ISLAND 12/16oz,3,$1.79,$1.25,17,19,$10,-$7,-0.7
ECONO DRESSING THOUSAND ISLAND 12/16oz,4,$1.79,$1.25,19,25,$14,-$3,-0.2
ECONO DRESSING THOUSAND ISLAND 12/16oz,5,$1.79,$1.25,25,40,$22,$5,0.2
ECONO DRESSING THOUSAND ISLAND 12/16oz,8,$1.79,$1.25,19,40,$22,$16,0.7
ECONO DRESSING THOUSAND ISLAND 12/16oz,9,$1.79,$1.25,40,21,$11,-$45,-4.0
ECONO DRESSING THOUSAND ISLAND 12/16oz,14,$1.79,$1.25,14,32,$17,$15,0.9
ECONO DRESSING HONEY MUSTARD 12/16oz,3,$1.79,$1.25,12,38,$21,$26,1.3
ECONO DRESSING HONEY MUSTARD 12/16oz,4,$1.79,$1.25,38,38,$21,-$21,-1.0
ECONO DRESSING HONEY MUSTARD 12/16oz,5,$1.79,$1.25,38,23,$12,-$39,-3.2
ECONO DRESSING HONEY MUSTARD 12/16oz,8,$1.79,$1.25,21,27,$15,-$4,-0.3
ECONO DRESSING HONEY MUSTARD 12/16oz,9,$1.79,$1.25,27,29,$16,-$12,-0.8
ECONO ACEITE VEGETAL 6/96oz,5,$8.49,$5.68,336,694,"$1,950","$1,089",0.6
ECONO ACEITE VEGETAL 6/96oz,12,$8.49,$5.45,220,1718,"$5,223","$7,495",1.4
ECONO ACEITE VEGETAL 6/96oz,13,$8.49,$5.45,1718,1349,"$4,101","-$7,234",-1.8
ECONO SERVILLETAS 6/250ct,10,$2.49,$2.00,106,234,$115,$204,1.8
ECONO SERVILLETAS 6/250ct,11,$2.49,$2.00,234,159,$78,-$265,-3.4
ECONO SERVILLETAS 3/500ct,3,$4.89,$3.48,72,155,$219,$187,0.9
ECONO SERVILLETAS 3/500ct,4,$4.89,$3.48,155,102,$144,-$403,-2.8
ECONO SERVILLETAS 3/500ct,5,$4.89,$3.48,102,126,$178,-$60,-0.3
ECONO SERVILLETAS 3/500ct,14,$4.89,$3.48,75,47,$66,-$203,-3.1
ECONO AEROSOL CHEESE CHEDDAR 12/8oz,2,$3.69,$2.50,34,29,$35,-$53,-1.5
ECONO AEROSOL CHEESE CHEDDAR 12/8oz,6,$3.69,$2.50,20,28,$33,-$4,-0.1
ECONO AEROSOL CHEESE CHEDDAR 12/8oz,7,$3.69,$2.50,28,29,$35,-$31,-0.9
ECONO AEROSOL CHEESE CHEDDAR 12/8oz,8,$3.69,$2.50,29,13,$15,-$75,-4.8
ECONO AEROSOL CHEESE CHEDDAR 12/8oz,9,$3.69,$2.50,13,4,$5,-$38,-8.0
ECONO PEANUT SALTED 12/10oz,2,$2.99,$2.50,120,88,$43,-$139,-3.2
ECONO PEANUT SALTED 12/10oz,5,$2.99,$2.50,61,106,$52,$83,1.6
ECONO PEANUT HONEY ROAST 12/10oz,2,$2.99,$2.50,83,67,$33,-$81,-2.5
ECONO PEANUT HONEY ROAST 12/10oz,5,$2.99,$2.50,24,74,$36,$113,3.1
ECONO PASTA SECA CABELLO DE ANGEL 16/10oz,2,$0.99,$0.88,71,123,$14,$38,2.8
ECONO PASTA SECA CABELLO DE ANGEL 16/10oz,3,$0.99,$0.88,123,119,$13,-$17,-1.3
ECONO PASTA SECA CABELLO DE ANGEL 16/10oz,4,$0.99,$0.88,119,108,$12,-$23,-1.9
ECONO PASTA SECA CABELLO DE ANGEL 16/10oz,12,$0.99,$0.88,115,160,$18,$27,1.5
ECONO PASTA SECA CABELLO DE ANGEL 16/10oz,13,$0.99,$0.88,160,106,$12,-$65,-5.6
ECONO CLORO + LIMPIADOR EN GEL 16/28oz,5,$1.99,$1.50,10,45,$22,$48,2.2
ECONO CLORO + LIMPIADOR EN GEL 16/28oz,12,$1.99,$1.50,27,50,$25,$21,0.9
ECONO CLORO + LIMPIADOR EN GEL 16/28oz,13,$1.99,$1.50,50,46,$23,-$31,-1.4
ECONO AEROSOL CHEESE AMERICAN 12/8oz,2,$3.69,$2.50,27,52,$62,$30,0.5
ECONO AEROSOL CHEESE AMERICAN 12/8oz,5,$3.69,$2.50,28,28,$33,-$33,-1.0
ECONO AEROSOL CHEESE AMERICAN 12/8oz,6,$3.69,$2.50,28,31,$37,-$26,-0.7
ECONO AEROSOL CHEESE AMERICAN 12/8oz,7,$3.69,$2.50,31,57,$68,$28,0.4
ECONO AEROSOL CHEESE AMERICAN 12/8oz,8,$3.69,$2.50,57,58,$69,-$65,-0.9
ECONO AEROSOL CHEESE AMERICAN 12/8oz,9,$3.69,$2.50,58,34,$40,-$129,-3.2
ECONO CORNED BEEF 6/96oz,2,$18.99,$17.48,12,22,$33,$157,4.7
ECONO CORNED BEEF 6/96oz,13,$18.99,$17.48,15,4,$6,-$215,-35.6
ECONO CREMA PARA CAFE 12/16oz,5,$4.99,$3.98,25,35,$35,$15,0.4
ECONO CREMA PARA CAFE 12/16oz,8,$4.99,$3.98,22,41,$41,$53,1.3
ECONO CREMA PARA CAFE 12/16oz,9,$4.99,$3.98,41,36,$36,-$61,-1.7
ECONO BEBIDA DE CRANBERRY LIGHT 8/64oz,3,$3.99,$3.00,25,23,$23,-$31,-1.4
ECONO BEBIDA DE CRANBERRY LIGHT 8/64oz,4,$3.99,$3.00,23,10,$10,-$62,-6.2
ECONO BEBIDA DE CRANBERRY LIGHT 8/64oz,8,$3.99,$3.00,12,11,$11,-$15,-1.4
ECONO BEBIDA DE CRANBERRY LIGHT 8/64oz,9,$3.99,$3.00,11,14,$14,-$2,-0.1
ECONO PAPEL TOALLA 90 HOJAS 30/1ea,3,$1.59,$1.25,237,466,$158,$206,1.3
ECONO PAPEL TOALLA 90 HOJAS 30/1ea,4,$1.59,$1.25,466,353,$120,-$300,-2.5
ECONO PICKELS HAMBURGER DILL 12/17oz,3,$2.79,$2.50,58,61,$18,-$9,-0.5
ECONO PICKELS HAMBURGER DILL 12/17oz,4,$2.79,$2.50,61,49,$14,-$48,-3.4
ECONO PICKELS HAMBURGER DILL 12/17oz,6,$2.79,$2.50,22,56,$16,$79,4.8
ECONO PICKELS HAMBURGER DILL 12/17oz,7,$2.79,$2.50,56,61,$18,-$4,-0.2
ECONO PICKELS HAMBURGER DILL 12/17oz,10,$2.79,$2.50,29,45,$13,$32,2.4
ECONO PICKELS HAMBURGER DILL 12/17oz,11,$2.79,$2.50,45,51,$15,$2,0.1
ECONO SWEET RELISH 12/12oz,3,$2.79,$2.50,14,18,$5,$6,1.1
ECONO SWEET RELISH 12/12oz,4,$2.79,$2.50,18,15,$4,-$13,-2.9
ECONO SWEET RELISH 12/12oz,7,$2.79,$2.50,10,30,$9,$47,5.4
ECONO SWEET RELISH 12/12oz,10,$2.79,$2.50,11,17,$5,$12,2.4
ECONO SWEET RELISH 12/12oz,11,$2.79,$2.50,17,12,$3,-$17,-5.0
ECONO LIQUIDO DE FREGAR ULTRA FRESH 12/25oz,8,$1.99,$1.67,145,135,$43,-$63,-1.5
ECONO LIQUIDO DE FREGAR ULTRA FRESH 12/25oz,9,$1.99,$1.67,135,167,$53,$10,0.2
ECONO LIQUIDO DE FREGAR LIMON 12/25oz,8,$1.99,$1.67,134,119,$38,-$68,-1.8
ECONO LIQUIDO DE FREGAR LIMON 12/25oz,9,$1.99,$1.67,119,138,$44,-$6,-0.1
ECONO KETCHUP 9/64oz,5,$4.89,$3.98,24,25,$23,-$18,-0.8
ECONO KETCHUP 9/64oz,8,$4.89,$3.98,43,52,$47,-$3,-0.1
ECONO KETCHUP 9/64oz,9,$4.89,$3.98,52,54,$49,-$39,-0.8
ECONO KETCHUP 9/64oz,12,$4.89,$3.98,30,77,$70,$160,2.3
ECONO KETCHUP 9/64oz,13,$4.89,$3.98,77,54,$49,-$162,-3.3
ECONO FRUTAS COCKTAIL IN HVY SYRUP 24/15.25oz,6,$1.99,$1.67,74,244,$78,$260,3.3
ECONO FRUTAS COCKTAIL IN HVY SYRUP 24/15.25oz,7,$1.99,$1.67,244,333,$107,$71,0.7
ECONO FRUTAS PEAR HALVES IN HVY SYRUP 24/15.25oz,6,$1.99,$1.67,15,75,$24,$95,4.0
ECONO FRUTAS PEAR HALVES IN HVY SYRUP 24/15.25oz,7,$1.99,$1.67,75,96,$31,$11,0.4
ECONO FRUTAS PCH HALVES IN HVY SYRUP 24/15.25oz,6,$1.99,$1.67,44,158,$51,$176,3.5
ECONO FRUTAS PCH HALVES IN HVY SYRUP 24/15.25oz,7,$1.99,$1.67,158,169,$54,-$32,-0.6
ECONO SHREDDED CHICKEN BREAST 12/10oz,2,$2.99,$2.50,382,444,$218,-$32,-0.1
ECONO SHREDDED CHICKEN BREAST 12/10oz,3,$2.99,$2.50,444,478,$234,-$133,-0.6
ECONO SHREDDED CHICKEN BREAST 12/10oz,4,$2.99,$2.50,478,373,$183,-$497,-2.7
ECONO SHREDDED CHICKEN BREAST 12/10oz,10,$2.99,$2.50,189,496,$243,$675,2.8
ECONO SHREDDED CHICKEN BREAST 12/10oz,11,$2.99,$2.50,496,501,$245,-$231,-0.9
ECONO SALCHICHA DE POLLO SABOR CRIOLLO 48/5oz,3,$0.89,$0.58,2210,3544,"$1,099",$89,0.1
ECONO SALCHICHA DE POLLO SABOR CRIOLLO 48/5oz,4,$0.89,$0.58,3544,3003,$931,"-$1,412",-1.5
ECONO SALCHICHA DE POLLO SABOR CRIOLLO 48/5oz,5,$0.89,$0.58,3003,1950,$605,"-$1,542",-2.6
ECONO SALCHICHA DE POLLO SABOR CRIOLLO 48/5oz,8,$0.89,$0.58,1075,2562,$794,$529,0.7
ECONO SALCHICHA DE POLLO SABOR CRIOLLO 48/5oz,9,$0.89,$0.58,2562,1761,$546,"-$1,259",-2.3
ECONO SALCHICHA DE POLLO SABOR CRIOLLO 48/5oz,12,$0.89,$0.58,2143,6922,"$2,146","$2,107",1.0
ECONO SALCHICHA DE POLLO SABOR CRIOLLO 48/5oz,13,$0.89,$0.58,6922,5068,"$1,571","-$3,221",-2.1
ECONO SALCHICHA DE POLLO SABOR CRIOLLO 48/5oz,14,$0.89,$0.50,5068,768,$300,"-$4,127",-13.8
ECONO FRUTAS CUPS MIX FRUIT W/SYRUP SPLENDA 6/4/3.8oz,5,$3.99,$3.00,13,15,$15,-$7,-0.5
ECONO FRUTAS CUPS MIX FRUIT W/SYRUP SPLENDA 6/4/3.8oz,6,$3.99,$3.00,15,22,$22,$6,0.3
ECONO FRUTAS CUPS MIX FRUIT W/SYRUP SPLENDA 6/4/3.8oz,7,$3.99,$3.00,22,34,$34,$14,0.4
ECONO FRUTAS CUPS MIX FRUIT W/SYRUP SPLENDA 6/4/3.8oz,10,$3.99,$3.00,10,20,$20,$20,1.0
ECONO FRUTAS CUPS MIX FRUIT W/SYRUP SPLENDA 6/4/3.8oz,11,$3.99,$3.00,20,28,$28,$4,0.2
ECONO FRUTAS CUPS PEAR W/SYRUP SPLENDA 6/4/3.8oz,5,$3.99,$3.00,18,11,$11,-$39,-3.6
ECONO FRUTAS CUPS PEAR W/SYRUP SPLENDA 6/4/3.8oz,6,$3.99,$3.00,11,14,$14,-$2,-0.1
ECONO FRUTAS CUPS PEAR W/SYRUP SPLENDA 6/4/3.8oz,7,$3.99,$3.00,14,18,$18,-$2,-0.1
ECONO FRUTAS CUPS PEACH W/SYRUP SPLENDA 6/4/3.8oz,5,$3.99,$3.00,12,22,$22,$18,0.8
ECONO FRUTAS CUPS PEACH W/SYRUP SPLENDA 6/4/3.8oz,6,$3.99,$3.00,22,19,$19,-$31,-1.6
ECONO FRUTAS CUPS PEACH W/SYRUP SPLENDA 6/4/3.8oz,7,$3.99,$3.00,19,31,$31,$17,0.6
ECONO FRUTAS CUPS PEACH W/SYRUP SPLENDA 6/4/3.8oz,11,$3.99,$3.00,18,22,$22,-$6,-0.3
ECONO FRUTAS CUPS MANDARIN W/SYRUP 6/4/4oz,5,$3.99,$3.00,10,7,$7,-$19,-2.7
ECONO FRUTAS CUPS MANDARIN W/SYRUP 6/4/4oz,7,$3.99,$3.00,14,24,$24,$16,0.7
ECONO FRUTAS CUPS MANDARIN W/SYRUP 6/4/4oz,10,$3.99,$3.00,10,23,$23,$29,1.3
ECONO FRUTAS CUPS MANDARIN W/SYRUP 6/4/4oz,11,$3.99,$3.00,23,17,$17,-$41,-2.4
ECONO FRUTAS CUPS MANDARIN W/SYRUP SPLENDA 6/4/4oz,6,$3.99,$3.00,12,19,$19,$9,0.5
ECONO FRUTAS CUPS MANDARIN W/SYRUP SPLENDA 6/4/4oz,7,$3.99,$3.00,19,15,$15,-$31,-2.1
ECONO FRUTAS SLICED PEACHES IN SPLENDA 24/14.5oz,6,$1.99,$1.67,59,113,$36,$71,2.0
ECONO FRUTAS SLICED PEACHES IN SPLENDA 24/14.5oz,7,$1.99,$1.67,113,136,$44,$2,0.1
ECONO FRUTAS SLICED PEARS W/SPLENDA 24/14.5oz,6,$1.99,$1.67,27,52,$17,$33,2.0
ECONO FRUTAS SLICED PEARS W/SPLENDA 24/14.5oz,7,$1.99,$1.67,52,53,$17,-$15,-0.9
ECONO FRUTAS COCKTAIL W/SPLENDA 24/14.5oz,6,$1.99,$1.67,30,97,$31,$102,3.3
ECONO FRUTAS COCKTAIL W/SPLENDA 24/14.5oz,7,$1.99,$1.67,97,144,$46,$47,1.0
ECONO DOG FOOD ADULT 1/13lb,8,$12.99,$10.98,56,81,$163,$162,1.0
ECONO DOG FOOD ADULT 1/13lb,9,$12.99,$10.98,81,91,$183,-$53,-0.3
ECONO DOG FOOD ADULT 1/40lb,14,$28.99,$26.98,23,25,$50,$8,0.2
ECONO TETRA AGUA DE COCO 18/11.2oz,5,$1.29,$1.00,403,821,$238,$301,1.3
ECONO TETRA AGUA DE COCO 18/11.2oz,6,$1.29,$1.00,821,917,$266,-$142,-0.5
ECONO TETRA AGUA DE COCO 18/11.2oz,7,$1.29,$1.00,917,1158,$336,-$25,-0.1
ECONO TETRA AGUA DE COCO 18/11.2oz,10,$1.29,$1.00,258,235,$68,-$98,-1.4
ECONO TETRA AGUA DE COCO 18/11.2oz,11,$1.29,$1.00,235,313,$91,$10,0.1
ECONO HARINA DE TRIGO 12/2lb,2,$2.27,$1.67,182,222,$133,-$42,-0.3
ECONO HARINA DE TRIGO 12/2lb,5,$2.27,$1.67,110,234,$140,$141,1.0
ECONO HARINA DE TRIGO 12/2lb,8,$2.27,$1.67,213,206,$123,-$139,-1.1
ECONO HARINA DE TRIGO 12/2lb,9,$2.27,$1.67,206,109,$65,-$285,-4.4
ECONO HARINA DE TRIGO 12/2lb,12,$2.27,$2.00,54,191,$51,$260,5.1
ECONO HARINA DE TRIGO 12/2lb,13,$2.27,$2.00,191,105,$28,-$223,-7.9
ECONO HARINA DE MAIZ 12/2lb,2,$2.27,$1.67,105,119,$71,-$39,-0.6
ECONO HARINA DE MAIZ 12/2lb,5,$2.27,$1.67,49,82,$49,$26,0.5
ECONO HARINA DE MAIZ 12/2lb,8,$2.27,$1.67,55,67,$40,-$13,-0.3
ECONO HARINA DE MAIZ 12/2lb,9,$2.27,$1.67,67,68,$41,-$38,-0.9
ECONO HARINA DE MAIZ 12/2lb,12,$2.27,$2.00,26,66,$18,$73,4.1
ECONO HARINA DE MAIZ 12/2lb,13,$2.27,$2.00,66,66,$18,-$18,-1.0
ECONO GLASS CLEANER 12/32oz,12,$2.89,$2.00,13,21,$19,$4,0.2
ECONO GLASS CLEANER 12/32oz,13,$2.89,$2.00,21,22,$20,-$17,-0.9
ECONO GALLETA MARIA 32/3.5oz,2,$0.89,$0.58,292,283,$88,-$96,-1.1
ECONO GALLETA MARIA 32/3.5oz,5,$0.89,$0.58,166,345,$107,$52,0.5
ECONO GALLETA MARIA 32/3.5oz,6,$0.89,$0.58,345,326,$101,-$118,-1.2
ECONO GALLETA MARIA 32/3.5oz,7,$0.89,$0.58,326,338,$105,-$94,-0.9
ECONO GALLETA MARIA 32/3.5oz,10,$0.89,$0.58,142,339,$105,$70,0.7
ECONO GALLETA MARIA 32/3.5oz,11,$0.89,$0.58,339,338,$105,-$106,-1.0
ECONO PEANUT LOW SALTED 12/10oz,2,$2.99,$2.50,83,97,$48,-$6,-0.1
ECONO PEANUT LOW SALTED 12/10oz,5,$2.99,$2.50,30,37,$18,$3,0.2
ECONO PICKELS SWEET GHERKINS 12/17oz,4,$2.79,$2.50,11,12,$3,-$1,-0.2
ECONO PICKELS SWEET GHERKINS 12/17oz,10,$2.79,$2.50,11,19,$6,$17,3.1
ECONO PICKELS SWEET GHERKINS 12/17oz,11,$2.79,$2.50,19,2,$1,-$48,-82.8
ECONO CAT FOOD ADULT 12/3lb,10,$4.99,$3.48,66,132,$199,$130,0.7
ECONO CAT FOOD ADULT 12/3lb,11,$4.99,$3.48,132,114,$172,-$262,-1.5
ECONO CAT FOOD ADULT 12/3lb,12,$4.99,$3.48,114,159,$240,-$16,-0.1
ECONO CAT FOOD ADULT 12/3lb,13,$4.99,$3.48,159,119,$180,-$379,-2.1
ECONO CAT FOOD ADULT 1/12lb,8,$14.99,$12.98,31,61,$123,$327,2.7
ECONO CAT FOOD ADULT 1/12lb,9,$14.99,$12.98,61,56,$113,-$188,-1.7
ECONO LEMON ICED TEA MIX 6/66.1oz,2,$9.12,$7.48,91,107,$175,-$29,-0.2
ECONO LEMON ICED TEA MIX 6/66.1oz,5,$9.12,$7.48,63,62,$101,-$110,-1.1
ECONO LEMON ICED TEA MIX 6/66.1oz,6,$9.12,$7.48,62,81,$132,$41,0.3
ECONO LEMON ICED TEA MIX 6/66.1oz,7,$9.12,$7.48,81,98,$160,-$5,0.0
ECONO LEMON ICED TEA MIX 6/66.1oz,12,$9.12,$7.48,83,107,$175,$44,0.3
ECONO LEMON ICED TEA MIX 6/66.1oz,13,$9.12,$7.48,107,84,$137,-$347,-2.5
ECONO FRUTAS CUPS CHERRY MIX FRUIT W/SYRUP SPLENDA 6/4/3.8oz,5,$3.99,$3.00,18,9,$9,-$45,-5.0
ECONO FRUTAS CUPS CHERRY MIX FRUIT W/SYRUP SPLENDA 6/4/3.8oz,7,$3.99,$3.00,26,23,$23,-$35,-1.5
ECONO FRUTAS CUPS CHERRY MIX FRUIT W/SYRUP SPLENDA 6/4/3.8oz,10,$3.99,$3.00,13,4,$4,-$40,-10.1
ECONO FRUTAS CUPS CHERRY MIX FRUIT W/LIGHT SYRUP 6/4/4oz,5,$3.99,$3.00,11,9,$9,-$17,-1.9
ECONO FRUTAS CUPS CHERRY MIX FRUIT W/LIGHT SYRUP 6/4/4oz,7,$3.99,$3.00,18,19,$19,-$15,-0.8
ECONO FRUTAS CUPS CHERRY MIX FRUIT W/LIGHT SYRUP 6/4/4oz,10,$3.99,$3.00,11,33,$33,$55,1.7
ECONO FRUTAS CUPS CHERRY MIX FRUIT W/LIGHT SYRUP 6/4/4oz,11,$3.99,$3.00,33,38,$38,-$18,-0.5
ECONO GELATINA EN POLVO ORANGE 24/3oz,3,$1.89,$1.00,11,53,$47,$32,0.7
ECONO GELATINA EN POLVO ORANGE 24/3oz,4,$1.89,$1.00,53,27,$24,-$73,-3.0
ECONO GELATINA EN POLVO ORANGE 24/3oz,8,$1.89,$1.00,10,32,$28,$13,0.5
ECONO GELATINA EN POLVO ORANGE 24/3oz,9,$1.89,$1.00,32,42,$37,-$18,-0.5
ECONO GELATINA EN POLVO ORANGE 24/3oz,12,$1.89,$1.00,25,54,$48,$7,0.1
ECONO GELATINA EN POLVO ORANGE 24/3oz,13,$1.89,$1.00,54,21,$19,-$81,-4.3
ECONO GELATINA EN POLVO CHERRY 24/3oz,3,$1.89,$1.00,10,47,$42,$28,0.7
ECONO GELATINA EN POLVO CHERRY 24/3oz,4,$1.89,$1.00,47,44,$39,-$45,-1.1
ECONO GELATINA EN POLVO CHERRY 24/3oz,9,$1.89,$1.00,41,38,$34,-$39,-1.2
ECONO GELATINA EN POLVO CHERRY 24/3oz,12,$1.89,$1.00,30,49,$44,-$8,-0.2
ECONO GELATINA EN POLVO CHERRY 24/3oz,13,$1.89,$1.00,49,31,$28,-$62,-2.2
ECONO GELATINA EN POLVO STRAWBERRY S/F 24/.3oz,3,$1.89,$1.00,14,32,$28,$6,0.2
ECONO GELATINA EN POLVO STRAWBERRY S/F 24/.3oz,4,$1.89,$1.00,32,24,$21,-$36,-1.7
ECONO GELATINA EN POLVO STRAWBERRY S/F 24/.3oz,8,$1.89,$1.00,10,15,$13,-$4,-0.3
ECONO GELATINA EN POLVO STRAWBERRY S/F 24/.3oz,9,$1.89,$1.00,15,7,$6,-$21,-3.4
ECONO GELATINA EN POLVO STRAWBERRY S/F 24/.3oz,13,$1.89,$1.00,14,26,$23,$0,0.0
ECONO GELATINA EN POLVO ORANGE S/F 24/.3oz,4,$1.89,$1.00,25,16,$14,-$31,-2.2
ECONO GELATINA EN POLVO ORANGE S/F 24/.3oz,13,$1.89,$1.00,17,14,$12,-$18,-1.5
ECONO GELATINA EN POLVO CHERRY S/F 24/.3oz,4,$1.89,$1.00,35,24,$21,-$42,-2.0
ECONO GELATINA EN POLVO CHERRY S/F 24/.3oz,9,$1.89,$1.00,19,13,$12,-$23,-2.0
ECONO BEBIDA POUCH FRUIT PUNCH 4/10/6.75oz,5,$3.00,$2.00,58,107,$107,$40,0.4
ECONO BEBIDA POUCH FRUIT PUNCH 4/10/6.75oz,8,$3.00,$2.00,37,209,$209,$307,1.5
ECONO BEBIDA POUCH FRUIT PUNCH 4/10/6.75oz,9,$3.00,$2.00,209,122,$122,-$383,-3.1
ECONO BEBIDA POUCH FRUIT PUNCH 4/10/6.75oz,14,$3.00,$2.28,60,84,$60,$12,0.2
ECONO BEBIDA POUCH GRAPE 4/10/6.75oz,5,$3.00,$2.00,30,40,$40,-$10,-0.3
ECONO BEBIDA POUCH GRAPE 4/10/6.75oz,8,$3.00,$2.00,38,111,$111,$108,1.0
ECONO BEBIDA POUCH GRAPE 4/10/6.75oz,9,$3.00,$2.00,111,67,$67,-$199,-3.0
ECONO BEBIDA POUCH GRAPE 4/10/6.75oz,14,$3.00,$2.28,25,42,$30,$21,0.7
ECONO BEBIDA POUCH KIWI STRAWBERRY 4/10/6.75oz,5,$3.00,$2.00,51,117,$117,$81,0.7
ECONO BEBIDA POUCH KIWI STRAWBERRY 4/10/6.75oz,8,$3.00,$2.00,40,186,$186,$252,1.4
ECONO BEBIDA POUCH KIWI STRAWBERRY 4/10/6.75oz,9,$3.00,$2.00,186,113,$113,-$332,-2.9
ECONO BEBIDA POUCH KIWI STRAWBERRY 4/10/6.75oz,14,$3.00,$2.28,50,58,$42,-$18,-0.4
ECONO CAFE MOLIDO PREMIUM ARABICA 100% PR 10/6oz,7,$4.99,$3.78,16,19,$23,-$8,-0.3
ECONO CAFE MOLIDO PREMIUM ARABICA 100% PR 10/6oz,13,$4.99,$3.78,20,29,$35,$10,0.3
ECONO LECHE DE COCO 24/13.5oz,3,$1.49,$1.25,171,248,$60,$55,0.9
ECONO LECHE DE COCO 24/13.5oz,4,$1.49,$1.25,248,304,$73,$10,0.1
ECONO LECHE DE COCO 24/13.5oz,6,$1.49,$1.25,124,268,$64,$150,2.3
ECONO LECHE DE COCO 24/13.5oz,7,$1.49,$1.25,268,468,$112,$186,1.7
ECONO LECHE DE COCO 24/13.5oz,10,$1.49,$1.25,169,239,$57,$47,0.8
ECONO LECHE DE COCO 24/13.5oz,11,$1.49,$1.25,239,278,$67,-$9,-0.1
ECONO LECHE DE COCO 24/13.5oz,14,$1.49,$1.25,200,223,$54,-$19,-0.4
ECONO BAG TALL KITCHEN DRAWSTRING SCT VANILLA 13gl 12/40ct,2,$5.69,$4.98,93,77,$55,-$146,-2.7
ECONO ACEITE OLIVA XTRA VIRGEN BOT 15/30.43oz,3,$12.49,$10.98,30,124,$187,$987,5.3
ECONO ACEITE OLIVA XTRA VIRGEN BOT 15/30.43oz,4,$12.49,$10.98,124,80,$121,-$670,-5.5
ECONO ACEITE OLIVA XTRA VIRGEN BOT 15/30.43oz,5,$12.49,$10.98,80,62,$94,-$318,-3.4
ECONO ACEITE OLIVA XTRA VIRGEN BOT 15/30.43oz,6,$12.49,$9.98,62,76,$191,-$16,-0.1
ECONO ACEITE OLIVA XTRA VIRGEN BOT 15/30.43oz,7,$12.49,$9.98,76,126,$316,$308,1.0
ECONO ACEITE OLIVA BOT 15/30.43oz,3,$12.49,$10.98,33,69,$104,$345,3.3
ECONO ACEITE OLIVA BOT 15/30.43oz,4,$12.49,$10.98,69,53,$80,-$280,-3.5
ECONO ACEITE OLIVA BOT 15/30.43oz,5,$12.49,$10.98,53,58,$88,-$25,-0.3
ECONO ACEITE OLIVA BOT 15/30.43oz,6,$12.49,$9.98,58,81,$203,$84,0.4
ECONO ACEITE OLIVA BOT 15/30.43oz,7,$12.49,$9.98,81,128,$321,$266,0.8
ECONO ACEITE OLIVA BOT 15/30.43oz,10,$12.49,$9.98,48,41,$103,-$190,-1.8
ECONO ACEITE OLIVA BOT 15/30.43oz,11,$12.49,$9.98,41,51,$128,-$3,0.0
ECONO VINAGRE BLANCO 24/16oz,5,$0.89,$0.78,760,759,$83,-$84,-1.0
ECONO VINAGRE BLANCO 24/16oz,6,$0.89,$0.78,759,1048,$115,$142,1.2
ECONO VINAGRE BLANCO 24/16oz,7,$0.89,$0.78,1048,1764,$194,$443,2.3
ECONO VINAGRE BLANCO 24/16oz,10,$0.89,$0.78,659,899,$99,$115,1.2
ECONO VINAGRE BLANCO 24/16oz,11,$0.89,$0.78,899,1045,$115,$15,0.1
ECONO VINAGRE SIDRA ORO 24/16oz,5,$0.99,$0.78,188,219,$46,-$15,-0.3
ECONO VINAGRE SIDRA ORO 24/16oz,6,$0.99,$0.78,219,203,$43,-$58,-1.4
ECONO VINAGRE SIDRA ORO 24/16oz,7,$0.99,$0.78,203,304,$64,$36,0.6
ECONO VINAGRE SIDRA ORO 24/16oz,10,$0.99,$0.78,149,188,$39,-$1,0.0
ECONO VINAGRE SIDRA ORO 24/16oz,11,$0.99,$0.78,188,190,$40,-$38,-1.0
ECONO PRESERVA MIXED FRUIT 12/15oz,4,$3.99,$2.50,10,6,$9,-$25,-2.8
ECONO PRESERVA MIXED FRUIT 12/15oz,9,$3.99,$2.50,11,7,$10,-$26,-2.5
ECONO IODIZED SEA SALT 12/24.5oz,5,$3.49,$1.67,66,124,$226,-$23,-0.1
ECONO VINAGRE BALSAMICO 12/16.9oz,4,$4.79,$3.48,17,7,$9,-$57,-6.2
ECONO VINAGRE BALSAMICO 12/16.9oz,11,$4.79,$3.48,11,3,$4,-$42,-10.8
ECONO MUSHROOMS 12/10oz,6,$2.99,$2.50,11,10,$5,-$8,-1.6
ECONO MUSHROOMS 12/10oz,7,$2.99,$2.50,10,20,$10,$20,2.1
ECONO PAPEL HIGIENICO MEGA 600HJ 4/12ct,5,$7.99,$6.48,82,241,$364,$907,2.5
ECONO PAPEL HIGIENICO MEGA 600HJ 4/12ct,12,$7.99,$6.48,105,310,$468,"$1,170",2.5
ECONO PAPEL HIGIENICO MEGA 600HJ 4/12ct,13,$7.99,$6.48,310,241,$364,-$915,-2.5
ECONO BATERIAS ALKALINA AAA 48/4pk,8,$2.99,$2.00,27,22,$22,-$37,-1.7
ECONO BATERIAS ALKALINA AAA 48/4pk,9,$2.99,$2.00,22,38,$38,$10,0.3
ECONO BATERIAS ALKALINA AAA 48/4pk,12,$2.99,$2.00,11,42,$42,$51,1.2
ECONO BATERIAS ALKALINA AAA 48/4pk,13,$2.99,$2.00,42,27,$27,-$72,-2.7
ECONO DET LIQUIDO HE OXI 2/270oz,2,$13.99,$11.98,156,69,$139,"-$1,356",-9.8
ECONO BATERIAS ALKALINA AA 48/4pk,8,$2.99,$2.00,17,25,$25,-$1,0.0
ECONO BATERIAS ALKALINA AA 48/4pk,9,$2.99,$2.00,25,28,$28,-$19,-0.7
ECONO BATERIAS ALKALINA AA 48/4pk,12,$2.99,$2.00,10,36,$36,$42,1.2
ECONO BATERIAS ALKALINA AA 48/4pk,13,$2.99,$2.00,36,49,$49,-$10,-0.2
ECONO BATERIAS ALKALINA AAA 48/8pk,2,$4.29,$3.48,17,17,$14,-$14,-1.0
ECONO BATERIAS ALKALINA AAA 48/8pk,10,$4.29,$3.48,13,20,$16,$14,0.9
ECONO BATERIAS ALKALINA AAA 48/8pk,11,$4.29,$3.48,20,17,$14,-$27,-1.9
ECONO BATERIAS ALKALINA AA 48/8pk,2,$4.29,$3.48,11,5,$4,-$30,-7.4
ECONO BATERIAS ALKALINA AA 48/8pk,10,$4.29,$3.48,17,15,$12,-$21,-1.7
ECONO BATERIAS ALKALINA AA 48/8pk,11,$4.29,$3.48,15,11,$9,-$26,-2.9
ECONO MOSTAZA DIJON 12/12oz,5,$2.99,$1.50,25,15,$22,-$52,-2.3
ECONO MOSTAZA DIJON 12/12oz,6,$2.99,$1.50,15,27,$40,-$4,-0.1
ECONO MOSTAZA DIJON 12/12oz,7,$2.99,$1.50,27,33,$49,-$31,-0.6
ECONO MOSTAZA 12/20oz,5,$2.99,$1.50,26,31,$46,-$31,-0.7
ECONO MOSTAZA 12/20oz,6,$2.99,$1.50,31,47,$70,-$22,-0.3
ECONO MOSTAZA 12/20oz,7,$2.99,$1.50,47,73,$109,-$31,-0.3
ECONO FRUIT CUP MANDARIN ORANGE 100% FRUIT JUICE 6/4/3.5oz,11,$3.99,$3.00,14,10,$10,-$26,-2.6
ECONO FRUIT CUP MIX FRUITS 100% FRUIT JUICE 6/4/3.5oz,6,$3.99,$3.00,14,14,$14,-$14,-1.0
ECONO FRUIT CUP MIX FRUITS 100% FRUIT JUICE 6/4/3.5oz,7,$3.99,$3.00,14,22,$22,$10,0.5
ECONO FRUIT CUP MIX FRUITS 100% FRUIT JUICE 6/4/3.5oz,11,$3.99,$3.00,12,10,$10,-$18,-1.8
ECONO FRUIT CUP MIX FRUIT/CHERRY 100% FRUIT JUICE 6/4/3.5oz,7,$3.99,$3.00,13,17,$17,-$1,-0.1
ECONO FRUIT CUP MIX FRUIT/CHERRY 100% FRUIT JUICE 6/4/3.5oz,10,$3.99,$3.00,14,23,$23,$13,0.6
ECONO FRUIT CUP MIX FRUIT/CHERRY 100% FRUIT JUICE 6/4/3.5oz,11,$3.99,$3.00,23,15,$15,-$47,-3.1
ECONO FRUIT CUP DICED PEACHES 100% FRUIT JUICE 6/4/3.5oz,11,$3.99,$3.00,14,16,$16,-$8,-0.5